entity_type	entity_id	discovery_status	discovery_effect	discovery_q	internal_robustness_status	external_status	external_study	external_contrast	mapping_status	annotation_status	reported_function	small_rna_status	motif_status	motif_ids	published_evidence_status	published_dois	orthogonal_classes	orthogonal_class_count	contradiction_status	final_tier	claim_limit
gene	LITCHI000241	RETIRED_MAPPING_FAILURE	2.82124733778602	0.00523764375005412	NOT_APPLICABLE	not_testable	PRJNA450886	primary_24h	FAIL	NOT_APPLICABLE		NOT_TESTABLE_REFERENCE_ABSENT	NO_GENE_ATTRIBUTABLE_TRANSPORTED_MOTIF		NO_INDEPENDENT_EXACT_SUPPORT			0	MAPPING_OR_ANNOTATION_FAILURE	Retired	do not advance; retain as contradictory or failed candidate
gene	LITCHI000271	DISCOVERED	0.779378053254629	0.0448910819251059	FAIL	unsupported	PRJNA450886	primary_24h	PASS	UNANNOTATED	unannotated protein	NOT_TESTABLE_REFERENCE_ABSENT	NO_GENE_ATTRIBUTABLE_TRANSPORTED_MOTIF		NO_INDEPENDENT_EXACT_SUPPORT			0	NONE	Exploratory	discovery-layer result only; no validation claim
gene	LITCHI001085	RETIRED_MAPPING_FAILURE	-0.976071409796375	0.00404258174463622	NOT_APPLICABLE	not_testable	PRJNA450886	primary_24h	FAIL	NOT_APPLICABLE		NOT_TESTABLE_REFERENCE_ABSENT	NO_GENE_ATTRIBUTABLE_TRANSPORTED_MOTIF		NO_INDEPENDENT_EXACT_SUPPORT			0	MAPPING_OR_ANNOTATION_FAILURE	Retired	do not advance; retain as contradictory or failed candidate
gene	LITCHI001129	DISCOVERED	1.05936680769701	0.0384250760502184	FAIL	partial	PRJNA450886	primary_24h	PASS	FAMILY_LEVEL_FUNCTION	GTPase Der	NOT_TESTABLE_REFERENCE_ABSENT	NO_GENE_ATTRIBUTABLE_TRANSPORTED_MOTIF		NO_INDEPENDENT_EXACT_SUPPORT			0	NONE	Exploratory	discovery-layer result only; no validation claim
gene	LITCHI001279	RETIRED_MAPPING_FAILURE	0.876927977651797	0.0334283845615378	NOT_APPLICABLE	not_testable	PRJNA450886	primary_24h	FAIL	NOT_APPLICABLE		NOT_TESTABLE_REFERENCE_ABSENT	NO_GENE_ATTRIBUTABLE_TRANSPORTED_MOTIF		NO_INDEPENDENT_EXACT_SUPPORT			0	MAPPING_OR_ANNOTATION_FAILURE	Retired	do not advance; retain as contradictory or failed candidate
gene	LITCHI001375	DISCOVERED	-2.04166764689842	0.0367086689249643	FAIL	not_testable	PRJNA450886	primary_24h	PASS	FAMILY_LEVEL_FUNCTION	WAT1-related protein At1g68170	NOT_TESTABLE_REFERENCE_ABSENT	NO_GENE_ATTRIBUTABLE_TRANSPORTED_MOTIF		NO_INDEPENDENT_EXACT_SUPPORT			0	NONE	Exploratory	discovery-layer result only; no validation claim
gene	LITCHI001603	DISCOVERED	1.37592070302234	0.0267215543898487	FAIL	partial	PRJNA450886	primary_24h	PASS	FAMILY_LEVEL_FUNCTION	Pentatricopeptide repeat-containing protein At4g33990	NOT_TESTABLE_REFERENCE_ABSENT	NO_GENE_ATTRIBUTABLE_TRANSPORTED_MOTIF		NO_INDEPENDENT_EXACT_SUPPORT			0	NONE	Exploratory	discovery-layer result only; no validation claim
gene	LITCHI001696	RETIRED_GENE_MODEL_AMBIGUITY	1.3341081267277	0.0106625384470729	NOT_APPLICABLE	not_testable	PRJNA450886	primary_24h	FAIL	NOT_APPLICABLE		NOT_TESTABLE_REFERENCE_ABSENT	NO_GENE_ATTRIBUTABLE_TRANSPORTED_MOTIF		NO_INDEPENDENT_EXACT_SUPPORT			0	MAPPING_OR_ANNOTATION_FAILURE	Retired	do not advance; retain as contradictory or failed candidate
gene	LITCHI001700	DISCOVERED	3.7029482582072	0.0331090371894025	FAIL	contradictory	PRJNA450886	primary_24h	PASS	FAMILY_LEVEL_FUNCTION	Fe(II)/2-oxoglutarate-dependent dioxygenase 4	NOT_TESTABLE_REFERENCE_ABSENT	NO_GENE_ATTRIBUTABLE_TRANSPORTED_MOTIF		NO_INDEPENDENT_EXACT_SUPPORT			0	CONTRADICTORY_EXTERNAL_DIRECTION	Retired	do not advance; retain as contradictory or failed candidate
gene	LITCHI001879	DISCOVERED	1.01190079100949	0.0271132151471055	FAIL	partial	PRJNA450886	primary_24h	PASS	FAMILY_LEVEL_FUNCTION	RNA-binding protein 28	NOT_TESTABLE_REFERENCE_ABSENT	NO_GENE_ATTRIBUTABLE_TRANSPORTED_MOTIF		NO_INDEPENDENT_EXACT_SUPPORT			0	NONE	Exploratory	discovery-layer result only; no validation claim
gene	LITCHI001963	DISCOVERED	-1.40869605221674	0.0242643296453318	FAIL	cross_context_supported	PRJNA450886	primary_24h	PASS	FAMILY_LEVEL_FUNCTION	family of Oryza ortholog Q10P23	NOT_TESTABLE_REFERENCE_ABSENT	NO_GENE_ATTRIBUTABLE_TRANSPORTED_MOTIF		NO_INDEPENDENT_EXACT_SUPPORT			0	NONE	Exploratory	discovery-layer result only; no validation claim
gene	LITCHI001999	DISCOVERED	1.28092269464462	0.0045498264014885	FAIL	unsupported	PRJNA450886	primary_24h	PASS	UNANNOTATED	Chaperone protein dnaJ 11, chloroplastic	NOT_TESTABLE_REFERENCE_ABSENT	NO_GENE_ATTRIBUTABLE_TRANSPORTED_MOTIF		NO_INDEPENDENT_EXACT_SUPPORT			0	NONE	Exploratory	discovery-layer result only; no validation claim
gene	LITCHI002015	DISCOVERED	1.29967922262935	0.0293033913799139	FAIL	partial	PRJNA450886	primary_24h	PASS	FAMILY_LEVEL_FUNCTION	Pentatricopeptide repeat-containing protein At4g13650	NOT_TESTABLE_REFERENCE_ABSENT	NO_GENE_ATTRIBUTABLE_TRANSPORTED_MOTIF		NO_INDEPENDENT_EXACT_SUPPORT			0	NONE	Exploratory	discovery-layer result only; no validation claim
gene	LITCHI002040	DISCOVERED	-0.723185622564108	0.0242237324194914	FAIL	partial	PRJNA450886	primary_24h	PASS	FAMILY_LEVEL_FUNCTION	Aquaporin PIP2-7	NOT_TESTABLE_REFERENCE_ABSENT	NO_GENE_ATTRIBUTABLE_TRANSPORTED_MOTIF		NO_INDEPENDENT_EXACT_SUPPORT			0	NONE	Exploratory	discovery-layer result only; no validation claim
gene	LITCHI002263	DISCOVERED	-1.27206412023338	0.000470498373865878	FAIL	partial	PRJNA450886	primary_24h	PASS	UNANNOTATED	unannotated protein	NOT_TESTABLE_REFERENCE_ABSENT	NO_GENE_ATTRIBUTABLE_TRANSPORTED_MOTIF		NO_INDEPENDENT_EXACT_SUPPORT			0	NONE	Exploratory	discovery-layer result only; no validation claim
gene	LITCHI002571	DISCOVERED	-2.13628278313117	0.0471218406965286	FAIL	unsupported	PRJNA450886	primary_24h	PASS	FAMILY_LEVEL_FUNCTION	CRIB domain-containing protein RIC4	NOT_TESTABLE_REFERENCE_ABSENT	NO_GENE_ATTRIBUTABLE_TRANSPORTED_MOTIF		NO_INDEPENDENT_EXACT_SUPPORT			0	NONE	Exploratory	discovery-layer result only; no validation claim
gene	LITCHI003064	RETIRED_MAPPING_FAILURE	0.822549733167855	0.0477449693859909	NOT_APPLICABLE	not_testable	PRJNA450886	primary_24h	FAIL	NOT_APPLICABLE		NOT_TESTABLE_REFERENCE_ABSENT	NO_GENE_ATTRIBUTABLE_TRANSPORTED_MOTIF		NO_INDEPENDENT_EXACT_SUPPORT			0	MAPPING_OR_ANNOTATION_FAILURE	Retired	do not advance; retain as contradictory or failed candidate
gene	LITCHI003379	RETIRED_MAPPING_FAILURE	-1.41584053442772	0.0372857977215253	NOT_APPLICABLE	not_testable	PRJNA450886	primary_24h	FAIL	NOT_APPLICABLE		NOT_TESTABLE_REFERENCE_ABSENT	NO_GENE_ATTRIBUTABLE_TRANSPORTED_MOTIF		NO_INDEPENDENT_EXACT_SUPPORT			0	MAPPING_OR_ANNOTATION_FAILURE	Retired	do not advance; retain as contradictory or failed candidate
gene	LITCHI003414	DISCOVERED	-0.608173285218738	0.0376487566071814	FAIL	partial	PRJNA450886	primary_24h	PASS	FAMILY_LEVEL_FUNCTION	Glucan endo-1,3-beta-glucosidase 8	NOT_TESTABLE_REFERENCE_ABSENT	NO_GENE_ATTRIBUTABLE_TRANSPORTED_MOTIF		NO_INDEPENDENT_EXACT_SUPPORT			0	NONE	Exploratory	discovery-layer result only; no validation claim
gene	LITCHI003497	DISCOVERED	1.1305649144961	0.0237781645677548	FAIL	partial	PRJNA450886	primary_24h	PASS	UNANNOTATED	unannotated protein	NOT_TESTABLE_REFERENCE_ABSENT	NO_GENE_ATTRIBUTABLE_TRANSPORTED_MOTIF		NO_INDEPENDENT_EXACT_SUPPORT			0	NONE	Exploratory	discovery-layer result only; no validation claim
gene	LITCHI003665	RETIRED_MAPPING_FAILURE	0.813591309320461	0.0339181299362525	NOT_APPLICABLE	not_testable	PRJNA450886	primary_24h	FAIL	NOT_APPLICABLE		NOT_TESTABLE_REFERENCE_ABSENT	NO_GENE_ATTRIBUTABLE_TRANSPORTED_MOTIF		NO_INDEPENDENT_EXACT_SUPPORT			0	MAPPING_OR_ANNOTATION_FAILURE	Retired	do not advance; retain as contradictory or failed candidate
gene	LITCHI003742	DISCOVERED	0.963236541966524	0.013283710325449	FAIL	unsupported	PRJNA450886	primary_24h	PASS	FAMILY_LEVEL_FUNCTION	Phytyl ester synthase 1, chloroplastic	NOT_TESTABLE_REFERENCE_ABSENT	NO_GENE_ATTRIBUTABLE_TRANSPORTED_MOTIF		NO_INDEPENDENT_EXACT_SUPPORT			0	NONE	Exploratory	discovery-layer result only; no validation claim
gene	LITCHI004137	RETIRED_GENE_MODEL_AMBIGUITY	0.825411724558928	0.0253257166273663	NOT_APPLICABLE	not_testable	PRJNA450886	primary_24h	FAIL	NOT_APPLICABLE		NOT_TESTABLE_REFERENCE_ABSENT	NO_GENE_ATTRIBUTABLE_TRANSPORTED_MOTIF		NO_INDEPENDENT_EXACT_SUPPORT			0	MAPPING_OR_ANNOTATION_FAILURE	Retired	do not advance; retain as contradictory or failed candidate
gene	LITCHI004207	DISCOVERED	1.55910583538726	0.00409053793462822	FAIL	partial	PRJNA450886	primary_24h	PASS	FAMILY_LEVEL_FUNCTION	Single-stranded DNA-binding protein, mitochondrial	NOT_TESTABLE_REFERENCE_ABSENT	NO_GENE_ATTRIBUTABLE_TRANSPORTED_MOTIF		NO_INDEPENDENT_EXACT_SUPPORT			0	NONE	Exploratory	discovery-layer result only; no validation claim
gene	LITCHI004429	RETIRED_GENE_MODEL_AMBIGUITY	-3.94736236682424	0.0477449693859909	NOT_APPLICABLE	not_testable	PRJNA450886	primary_24h	FAIL	NOT_APPLICABLE		NOT_TESTABLE_REFERENCE_ABSENT	NO_GENE_ATTRIBUTABLE_TRANSPORTED_MOTIF		NO_INDEPENDENT_EXACT_SUPPORT			0	MAPPING_OR_ANNOTATION_FAILURE	Retired	do not advance; retain as contradictory or failed candidate
gene	LITCHI004438	DISCOVERED	1.46471169048401	0.000458550753798687	PASS	unsupported	PRJNA450886	primary_24h	PASS	UNANNOTATED	RNA polymerase sigma factor sigD, chloroplastic	NOT_TESTABLE_REFERENCE_ABSENT	NO_GENE_ATTRIBUTABLE_TRANSPORTED_MOTIF		NO_INDEPENDENT_EXACT_SUPPORT			0	NONE	Exploratory	discovery-layer result only; no validation claim
gene	LITCHI004751	DISCOVERED	0.74242220088451	0.00890567674729033	FAIL	unsupported	PRJNA450886	primary_24h	PASS	UNANNOTATED	unannotated protein	NOT_TESTABLE_REFERENCE_ABSENT	NO_GENE_ATTRIBUTABLE_TRANSPORTED_MOTIF		NO_INDEPENDENT_EXACT_SUPPORT			0	NONE	Exploratory	discovery-layer result only; no validation claim
gene	LITCHI004929	DISCOVERED	-0.681206531769031	0.0254833839226817	FAIL	unsupported	PRJNA450886	primary_24h	PASS	FAMILY_LEVEL_FUNCTION	ADP-ribosylation factor 2	NOT_TESTABLE_REFERENCE_ABSENT	NO_GENE_ATTRIBUTABLE_TRANSPORTED_MOTIF		NO_INDEPENDENT_EXACT_SUPPORT			0	NONE	Exploratory	discovery-layer result only; no validation claim
gene	LITCHI005008	DISCOVERED	1.21112859870225	0.0497021210897854	FAIL	unsupported	PRJNA450886	primary_24h	PASS	FAMILY_LEVEL_FUNCTION	MLP-like protein 423	NOT_TESTABLE_REFERENCE_ABSENT	NO_GENE_ATTRIBUTABLE_TRANSPORTED_MOTIF		NO_INDEPENDENT_EXACT_SUPPORT			0	NONE	Exploratory	discovery-layer result only; no validation claim
gene	LITCHI005012	DISCOVERED	-0.603717446828414	0.0100595515648978	FAIL	partial	PRJNA450886	primary_24h	PASS	FAMILY_LEVEL_FUNCTION	Xyloglucan O-acetyltransferase 1	NOT_TESTABLE_REFERENCE_ABSENT	NO_GENE_ATTRIBUTABLE_TRANSPORTED_MOTIF		NO_INDEPENDENT_EXACT_SUPPORT			0	NONE	Exploratory	discovery-layer result only; no validation claim
gene	LITCHI005026	RETIRED_GENE_MODEL_AMBIGUITY	1.08731520659073	0.0157885705562226	NOT_APPLICABLE	not_testable	PRJNA450886	primary_24h	FAIL	NOT_APPLICABLE		NOT_TESTABLE_REFERENCE_ABSENT	NO_GENE_ATTRIBUTABLE_TRANSPORTED_MOTIF		NO_INDEPENDENT_EXACT_SUPPORT			0	MAPPING_OR_ANNOTATION_FAILURE	Retired	do not advance; retain as contradictory or failed candidate
gene	LITCHI005048	DISCOVERED	1.11009307709941	0.0242237324194914	FAIL	unsupported	PRJNA450886	primary_24h	PASS	FAMILY_LEVEL_FUNCTION	DExH-box ATP-dependent RNA helicase DExH15 chloroplastic	NOT_TESTABLE_REFERENCE_ABSENT	NO_GENE_ATTRIBUTABLE_TRANSPORTED_MOTIF		NO_INDEPENDENT_EXACT_SUPPORT			0	NONE	Exploratory	discovery-layer result only; no validation claim
gene	LITCHI005234	DISCOVERED	2.41562318712994	0.000193366087124934	FAIL	unsupported	PRJNA450886	primary_24h	PASS	UNANNOTATED	unannotated protein	NOT_TESTABLE_REFERENCE_ABSENT	NO_GENE_ATTRIBUTABLE_TRANSPORTED_MOTIF		NO_INDEPENDENT_EXACT_SUPPORT			0	NONE	Exploratory	discovery-layer result only; no validation claim
gene	LITCHI005254	DISCOVERED	-4.78969999903453	0.00789023856493245	FAIL	unsupported	PRJNA450886	primary_24h	PASS	FAMILY_LEVEL_FUNCTION	Xylan glycosyltransferase MUCI21	NOT_TESTABLE_REFERENCE_ABSENT	NO_GENE_ATTRIBUTABLE_TRANSPORTED_MOTIF		NO_INDEPENDENT_EXACT_SUPPORT			0	NONE	Exploratory	discovery-layer result only; no validation claim
gene	LITCHI005338	RETIRED_GENE_MODEL_AMBIGUITY	1.02410755308664	0.000896405576740673	NOT_APPLICABLE	not_testable	PRJNA450886	primary_24h	FAIL	NOT_APPLICABLE		NOT_TESTABLE_REFERENCE_ABSENT	NO_GENE_ATTRIBUTABLE_TRANSPORTED_MOTIF		NO_INDEPENDENT_EXACT_SUPPORT			0	MAPPING_OR_ANNOTATION_FAILURE	Retired	do not advance; retain as contradictory or failed candidate
gene	LITCHI005404	RETIRED_GENE_MODEL_AMBIGUITY	0.990278117218192	0.000326194063101617	NOT_APPLICABLE	not_testable	PRJNA450886	primary_24h	FAIL	NOT_APPLICABLE		NOT_TESTABLE_REFERENCE_ABSENT	NO_GENE_ATTRIBUTABLE_TRANSPORTED_MOTIF		NO_INDEPENDENT_EXACT_SUPPORT			0	MAPPING_OR_ANNOTATION_FAILURE	Retired	do not advance; retain as contradictory or failed candidate
gene	LITCHI005454	DISCOVERED	-0.885430279901579	0.00831036064024162	FAIL	partial	PRJNA450886	primary_24h	PASS	UNANNOTATED	unannotated protein	NOT_TESTABLE_REFERENCE_ABSENT	NO_GENE_ATTRIBUTABLE_TRANSPORTED_MOTIF		NO_INDEPENDENT_EXACT_SUPPORT			0	NONE	Exploratory	discovery-layer result only; no validation claim
gene	LITCHI005518	DISCOVERED	0.641695934895725	0.0254833839226817	FAIL	cross_context_supported	PRJNA450886	primary_24h	PASS	FAMILY_LEVEL_FUNCTION	Alpha-xylosidase 1	NOT_TESTABLE_REFERENCE_ABSENT	NO_GENE_ATTRIBUTABLE_TRANSPORTED_MOTIF		NO_INDEPENDENT_EXACT_SUPPORT			0	NONE	Exploratory	discovery-layer result only; no validation claim
gene	LITCHI005631	RETIRED_MAPPING_FAILURE	-2.24354480597901	0.0167190033980606	NOT_APPLICABLE	not_testable	PRJNA450886	primary_24h	FAIL	NOT_APPLICABLE		NOT_TESTABLE_REFERENCE_ABSENT	NO_GENE_ATTRIBUTABLE_TRANSPORTED_MOTIF		NO_INDEPENDENT_EXACT_SUPPORT			0	MAPPING_OR_ANNOTATION_FAILURE	Retired	do not advance; retain as contradictory or failed candidate
gene	LITCHI005805	DISCOVERED	2.07255591145601	5.52532016694485e-08	PASS	not_testable	PRJNA450886	primary_24h	PASS	FAMILY_LEVEL_FUNCTION	Phosphomannomutase/phosphoglucomutase	NOT_TESTABLE_REFERENCE_ABSENT	NO_GENE_ATTRIBUTABLE_TRANSPORTED_MOTIF		NO_INDEPENDENT_EXACT_SUPPORT			0	NONE	Tier B	robust discovery with partial or non-testable external evidence
gene	LITCHI005866	DISCOVERED	1.41599296208824	0.00404258174463622	FAIL	unsupported	PRJNA450886	primary_24h	PASS	FAMILY_LEVEL_FUNCTION	Adagio protein 3	NOT_TESTABLE_REFERENCE_ABSENT	NO_GENE_ATTRIBUTABLE_TRANSPORTED_MOTIF		NO_INDEPENDENT_EXACT_SUPPORT			0	NONE	Exploratory	discovery-layer result only; no validation claim
gene	LITCHI006337	DISCOVERED	-1.42715758717594	0.00127886488498145	FAIL	unsupported	PRJNA450886	primary_24h	PASS	UNANNOTATED	unannotated protein	NOT_TESTABLE_REFERENCE_ABSENT	NO_GENE_ATTRIBUTABLE_TRANSPORTED_MOTIF		NO_INDEPENDENT_EXACT_SUPPORT			0	NONE	Exploratory	discovery-layer result only; no validation claim
gene	LITCHI006466	DISCOVERED	-2.90585812748376	0.0180957507647159	FAIL	partial	PRJNA450886	primary_24h	PASS	FAMILY_LEVEL_FUNCTION	Thaumatin-like protein 1	NOT_TESTABLE_REFERENCE_ABSENT	NO_GENE_ATTRIBUTABLE_TRANSPORTED_MOTIF		NO_INDEPENDENT_EXACT_SUPPORT			0	NONE	Exploratory	discovery-layer result only; no validation claim
gene	LITCHI006481	DISCOVERED	1.08203171495676	0.0339229289462483	FAIL	unsupported	PRJNA450886	primary_24h	PASS	UNANNOTATED	unannotated protein	NOT_TESTABLE_REFERENCE_ABSENT	NO_GENE_ATTRIBUTABLE_TRANSPORTED_MOTIF		NO_INDEPENDENT_EXACT_SUPPORT			0	NONE	Exploratory	discovery-layer result only; no validation claim
gene	LITCHI006703	DISCOVERED	-1.90056623259285	0.0363012914065407	FAIL	partial	PRJNA450886	primary_24h	PASS	FAMILY_LEVEL_FUNCTION	Probable galacturonosyltransferase-like 1	NOT_TESTABLE_REFERENCE_ABSENT	NO_GENE_ATTRIBUTABLE_TRANSPORTED_MOTIF		NO_INDEPENDENT_EXACT_SUPPORT			0	NONE	Exploratory	discovery-layer result only; no validation claim
gene	LITCHI006920	DISCOVERED	-0.803295207735255	0.025340810714752	FAIL	unsupported	PRJNA450886	primary_24h	PASS	FAMILY_LEVEL_FUNCTION	SUMO-conjugating enzyme SCE1	NOT_TESTABLE_REFERENCE_ABSENT	NO_GENE_ATTRIBUTABLE_TRANSPORTED_MOTIF		NO_INDEPENDENT_EXACT_SUPPORT			0	NONE	Exploratory	discovery-layer result only; no validation claim
gene	LITCHI006923	DISCOVERED	-0.906502784197291	0.0418331787983868	FAIL	partial	PRJNA450886	primary_24h	PASS	FAMILY_LEVEL_FUNCTION	Probable inactive receptor kinase At5g67200	NOT_TESTABLE_REFERENCE_ABSENT	NO_GENE_ATTRIBUTABLE_TRANSPORTED_MOTIF		NO_INDEPENDENT_EXACT_SUPPORT			0	NONE	Exploratory	discovery-layer result only; no validation claim
gene	LITCHI007095	DISCOVERED	0.849220256921297	0.0418331787983868	FAIL	partial	PRJNA450886	primary_24h	PASS	FAMILY_LEVEL_FUNCTION	GTP-binding protein At2g22870	NOT_TESTABLE_REFERENCE_ABSENT	NO_GENE_ATTRIBUTABLE_TRANSPORTED_MOTIF		NO_INDEPENDENT_EXACT_SUPPORT			0	NONE	Exploratory	discovery-layer result only; no validation claim
gene	LITCHI007293	DISCOVERED	-0.730037782635866	0.017162174612666	FAIL	unsupported	PRJNA450886	primary_24h	PASS	UNANNOTATED	unannotated protein	NOT_TESTABLE_REFERENCE_ABSENT	NO_GENE_ATTRIBUTABLE_TRANSPORTED_MOTIF		NO_INDEPENDENT_EXACT_SUPPORT			0	NONE	Exploratory	discovery-layer result only; no validation claim
gene	LITCHI007341	DISCOVERED	1.12275410016893	0.0347426658623961	FAIL	partial	PRJNA450886	primary_24h	PASS	UNANNOTATED	unannotated protein	NOT_TESTABLE_REFERENCE_ABSENT	NO_GENE_ATTRIBUTABLE_TRANSPORTED_MOTIF		NO_INDEPENDENT_EXACT_SUPPORT			0	NONE	Exploratory	discovery-layer result only; no validation claim
gene	LITCHI007955	DISCOVERED	-1.69097855203688	0.0223796779584966	FAIL	partial	PRJNA450886	primary_24h	PASS	FAMILY_LEVEL_FUNCTION	PLAT domain-containing protein 1	NOT_TESTABLE_REFERENCE_ABSENT	NO_GENE_ATTRIBUTABLE_TRANSPORTED_MOTIF		NO_INDEPENDENT_EXACT_SUPPORT			0	NONE	Exploratory	discovery-layer result only; no validation claim
gene	LITCHI008095	DISCOVERED	-1.02465519702955	0.00789590927451059	FAIL	partial	PRJNA450886	primary_24h	PASS	FAMILY_LEVEL_FUNCTION	Probable inactive receptor kinase At1g48480	NOT_TESTABLE_REFERENCE_ABSENT	NO_GENE_ATTRIBUTABLE_TRANSPORTED_MOTIF		NO_INDEPENDENT_EXACT_SUPPORT			0	NONE	Exploratory	discovery-layer result only; no validation claim
gene	LITCHI008313	DISCOVERED	0.901739665346397	0.0448910819251059	FAIL	contradictory	PRJNA450886	primary_24h	PASS	FAMILY_LEVEL_FUNCTION	Beta-glucosidase 44	NOT_TESTABLE_REFERENCE_ABSENT	NO_GENE_ATTRIBUTABLE_TRANSPORTED_MOTIF		NO_INDEPENDENT_EXACT_SUPPORT			0	CONTRADICTORY_EXTERNAL_DIRECTION	Retired	do not advance; retain as contradictory or failed candidate
gene	LITCHI008330	DISCOVERED	-2.09059823672944	0.0259712123677265	FAIL	unsupported	PRJNA450886	primary_24h	PASS	UNANNOTATED	unannotated protein	NOT_TESTABLE_REFERENCE_ABSENT	NO_GENE_ATTRIBUTABLE_TRANSPORTED_MOTIF		NO_INDEPENDENT_EXACT_SUPPORT			0	NONE	Exploratory	discovery-layer result only; no validation claim
gene	LITCHI008721	DISCOVERED	-1.91058272270929	7.86851905355691e-11	PASS	not_testable	PRJNA450886	primary_24h	PASS	UNANNOTATED	unannotated protein	NOT_TESTABLE_REFERENCE_ABSENT	NO_GENE_ATTRIBUTABLE_TRANSPORTED_MOTIF		NO_INDEPENDENT_EXACT_SUPPORT			0	NONE	Tier B	robust discovery with partial or non-testable external evidence
gene	LITCHI008817	DISCOVERED	-1.23258869770076	0.000795418321148719	FAIL	partial	PRJNA450886	primary_24h	PASS	FAMILY_LEVEL_FUNCTION	Xylan glycosyltransferase MUCI21	NOT_TESTABLE_REFERENCE_ABSENT	NO_GENE_ATTRIBUTABLE_TRANSPORTED_MOTIF		NO_INDEPENDENT_EXACT_SUPPORT			0	NONE	Exploratory	discovery-layer result only; no validation claim
gene	LITCHI008905	DISCOVERED	2.1368656141355	0.0237799610235217	FAIL	unsupported	PRJNA450886	primary_24h	PASS	FAMILY_LEVEL_FUNCTION	Probable galactinol--sucrose galactosyltransferase 2	NOT_TESTABLE_REFERENCE_ABSENT	NO_GENE_ATTRIBUTABLE_TRANSPORTED_MOTIF		NO_INDEPENDENT_EXACT_SUPPORT			0	NONE	Exploratory	discovery-layer result only; no validation claim
gene	LITCHI009437	DISCOVERED	1.03949061099977	2.56887041844824e-07	FAIL	unsupported	PRJNA450886	primary_24h	PASS	FAMILY_LEVEL_FUNCTION	Uncharacterized protein PAM68-like	NOT_TESTABLE_REFERENCE_ABSENT	NO_GENE_ATTRIBUTABLE_TRANSPORTED_MOTIF		NO_INDEPENDENT_EXACT_SUPPORT			0	MAPPING_OR_ANNOTATION_FAILURE	Retired	do not advance; retain as contradictory or failed candidate
gene	LITCHI009639	DISCOVERED	-1.77880934382893	0.000368521671955845	FAIL	not_testable	PRJNA450886	primary_24h	PASS	FAMILY_LEVEL_FUNCTION	Probable xyloglucan galactosyltransferase GT17	NOT_TESTABLE_REFERENCE_ABSENT	NO_GENE_ATTRIBUTABLE_TRANSPORTED_MOTIF		NO_INDEPENDENT_EXACT_SUPPORT			0	NONE	Exploratory	discovery-layer result only; no validation claim
gene	LITCHI009696	DISCOVERED	0.877317013434791	0.0110762823221137	FAIL	partial	PRJNA450886	primary_24h	PASS	FAMILY_LEVEL_FUNCTION	Nucleolar complex-associated protein 3	NOT_TESTABLE_REFERENCE_ABSENT	NO_GENE_ATTRIBUTABLE_TRANSPORTED_MOTIF		NO_INDEPENDENT_EXACT_SUPPORT			0	NONE	Exploratory	discovery-layer result only; no validation claim
gene	LITCHI009978	RETIRED_MAPPING_FAILURE	1.05586107630504	0.00097343799454721	NOT_APPLICABLE	not_testable	PRJNA450886	primary_24h	FAIL	NOT_APPLICABLE		NOT_TESTABLE_REFERENCE_ABSENT	NO_GENE_ATTRIBUTABLE_TRANSPORTED_MOTIF		NO_INDEPENDENT_EXACT_SUPPORT			0	MAPPING_OR_ANNOTATION_FAILURE	Retired	do not advance; retain as contradictory or failed candidate
gene	LITCHI009986	RETIRED_MAPPING_FAILURE	0.984607140137177	3.83863796878395e-07	NOT_APPLICABLE	not_testable	PRJNA450886	primary_24h	FAIL	NOT_APPLICABLE		NOT_TESTABLE_REFERENCE_ABSENT	NO_GENE_ATTRIBUTABLE_TRANSPORTED_MOTIF		NO_INDEPENDENT_EXACT_SUPPORT			0	MAPPING_OR_ANNOTATION_FAILURE	Retired	do not advance; retain as contradictory or failed candidate
gene	LITCHI010009	RETIRED_MAPPING_FAILURE	-0.898573601329388	0.0399031315742185	NOT_APPLICABLE	not_testable	PRJNA450886	primary_24h	FAIL	NOT_APPLICABLE		NOT_TESTABLE_REFERENCE_ABSENT	NO_GENE_ATTRIBUTABLE_TRANSPORTED_MOTIF		NO_INDEPENDENT_EXACT_SUPPORT			0	MAPPING_OR_ANNOTATION_FAILURE	Retired	do not advance; retain as contradictory or failed candidate
gene	LITCHI010138	DISCOVERED	-0.649750521024091	0.0418388547089227	FAIL	partial	PRJNA450886	primary_24h	PASS	FAMILY_LEVEL_FUNCTION	HVA22-like protein i	NOT_TESTABLE_REFERENCE_ABSENT	NO_GENE_ATTRIBUTABLE_TRANSPORTED_MOTIF		NO_INDEPENDENT_EXACT_SUPPORT			0	NONE	Exploratory	discovery-layer result only; no validation claim
gene	LITCHI010273	DISCOVERED	-1.95528721108059	0.0339229289462483	FAIL	partial	PRJNA450886	primary_24h	PASS	FAMILY_LEVEL_FUNCTION	Eugenol synthase 1	NOT_TESTABLE_REFERENCE_ABSENT	NO_GENE_ATTRIBUTABLE_TRANSPORTED_MOTIF		NO_INDEPENDENT_EXACT_SUPPORT			0	NONE	Exploratory	discovery-layer result only; no validation claim
gene	LITCHI010325	DISCOVERED	-1.77220035077222	0.0010156123433396	FAIL	unsupported	PRJNA450886	primary_24h	PASS	UNANNOTATED	unannotated protein	NOT_TESTABLE_REFERENCE_ABSENT	NO_GENE_ATTRIBUTABLE_TRANSPORTED_MOTIF		NO_INDEPENDENT_EXACT_SUPPORT			0	NONE	Exploratory	discovery-layer result only; no validation claim
gene	LITCHI010434	DISCOVERED	0.765623699485611	0.00660260533646317	FAIL	partial	PRJNA450886	primary_24h	PASS	FAMILY_LEVEL_FUNCTION	tRNA modification GTPase MnmE	NOT_TESTABLE_REFERENCE_ABSENT	NO_GENE_ATTRIBUTABLE_TRANSPORTED_MOTIF		NO_INDEPENDENT_EXACT_SUPPORT			0	NONE	Exploratory	discovery-layer result only; no validation claim
gene	LITCHI010490	RETIRED_MAPPING_FAILURE	-2.93276399186426	0.0418331787983868	NOT_APPLICABLE	not_testable	PRJNA450886	primary_24h	FAIL	NOT_APPLICABLE		NOT_TESTABLE_REFERENCE_ABSENT	NO_GENE_ATTRIBUTABLE_TRANSPORTED_MOTIF		NO_INDEPENDENT_EXACT_SUPPORT			0	MAPPING_OR_ANNOTATION_FAILURE	Retired	do not advance; retain as contradictory or failed candidate
gene	LITCHI010541	DISCOVERED	-1.93771431424803	0.0127348877162897	FAIL	not_testable	PRJNA450886	primary_24h	PASS	FAMILY_LEVEL_FUNCTION	Protein PHOSPHATE-INDUCED 1	NOT_TESTABLE_REFERENCE_ABSENT	NO_GENE_ATTRIBUTABLE_TRANSPORTED_MOTIF		NO_INDEPENDENT_EXACT_SUPPORT			0	NONE	Exploratory	discovery-layer result only; no validation claim
gene	LITCHI010704	DISCOVERED	-1.43552465463083	0.0245865363809489	FAIL	not_testable	PRJNA450886	primary_24h	PASS	FAMILY_LEVEL_FUNCTION	family of Oryza ortholog A0A0P0XYL5	NOT_TESTABLE_REFERENCE_ABSENT	NO_GENE_ATTRIBUTABLE_TRANSPORTED_MOTIF		NO_INDEPENDENT_EXACT_SUPPORT			0	MAPPING_OR_ANNOTATION_FAILURE	Retired	do not advance; retain as contradictory or failed candidate
gene	LITCHI010765	DISCOVERED	-3.42056372242776	0.0316651525347151	FAIL	unsupported	PRJNA450886	primary_24h	PASS	FAMILY_LEVEL_FUNCTION	Homeobox-leucine zipper protein HAT22	NOT_TESTABLE_REFERENCE_ABSENT	NO_GENE_ATTRIBUTABLE_TRANSPORTED_MOTIF		NO_INDEPENDENT_EXACT_SUPPORT			0	NONE	Exploratory	discovery-layer result only; no validation claim
gene	LITCHI010779	RETIRED_MAPPING_FAILURE	-1.57461977524295	0.0286788034896597	NOT_APPLICABLE	not_testable	PRJNA450886	primary_24h	FAIL	NOT_APPLICABLE		NOT_TESTABLE_REFERENCE_ABSENT	NO_GENE_ATTRIBUTABLE_TRANSPORTED_MOTIF		NO_INDEPENDENT_EXACT_SUPPORT			0	MAPPING_OR_ANNOTATION_FAILURE	Retired	do not advance; retain as contradictory or failed candidate
gene	LITCHI010845	DISCOVERED	-0.589437260790394	0.0106625384470729	FAIL	partial	PRJNA450886	primary_24h	PASS	UNANNOTATED	unannotated protein	NOT_TESTABLE_REFERENCE_ABSENT	NO_GENE_ATTRIBUTABLE_TRANSPORTED_MOTIF		NO_INDEPENDENT_EXACT_SUPPORT			0	NONE	Exploratory	discovery-layer result only; no validation claim
gene	LITCHI010874	RETIRED_MAPPING_FAILURE	6.64306431147983	0.0245865363809489	NOT_APPLICABLE	not_testable	PRJNA450886	primary_24h	FAIL	NOT_APPLICABLE		NOT_TESTABLE_REFERENCE_ABSENT	NO_GENE_ATTRIBUTABLE_TRANSPORTED_MOTIF		NO_INDEPENDENT_EXACT_SUPPORT			0	MAPPING_OR_ANNOTATION_FAILURE	Retired	do not advance; retain as contradictory or failed candidate
gene	LITCHI010877	DISCOVERED	-2.77434466350923	2.13991601641715e-07	PASS	not_testable	PRJNA450886	primary_24h	PASS	UNANNOTATED	Cytochrome P450 81Q32	NOT_TESTABLE_REFERENCE_ABSENT	NO_GENE_ATTRIBUTABLE_TRANSPORTED_MOTIF		NO_INDEPENDENT_EXACT_SUPPORT			0	NONE	Tier B	robust discovery with partial or non-testable external evidence
gene	LITCHI010987	DISCOVERED	2.66019759477751	0.00498227784610392	FAIL	unsupported	PRJNA450886	primary_24h	PASS	FAMILY_LEVEL_FUNCTION	Cold-regulated protein 27	NOT_TESTABLE_REFERENCE_ABSENT	NO_GENE_ATTRIBUTABLE_TRANSPORTED_MOTIF		NO_INDEPENDENT_EXACT_SUPPORT			0	NONE	Exploratory	discovery-layer result only; no validation claim
gene	LITCHI011122	DISCOVERED	1.53140442080389	0.000770317942914888	FAIL	partial	PRJNA450886	primary_24h	PASS	UNANNOTATED	unannotated protein	NOT_TESTABLE_REFERENCE_ABSENT	NO_GENE_ATTRIBUTABLE_TRANSPORTED_MOTIF		NO_INDEPENDENT_EXACT_SUPPORT			0	NONE	Exploratory	discovery-layer result only; no validation claim
gene	LITCHI011195	DISCOVERED	2.04354932662864	0.0474231076875316	FAIL	partial	PRJNA450886	primary_24h	PASS	UNANNOTATED	unannotated protein	NOT_TESTABLE_REFERENCE_ABSENT	NO_GENE_ATTRIBUTABLE_TRANSPORTED_MOTIF		NO_INDEPENDENT_EXACT_SUPPORT			0	NONE	Exploratory	discovery-layer result only; no validation claim
gene	LITCHI011255	DISCOVERED	0.761256886454984	0.0494938465126049	FAIL	unsupported	PRJNA450886	primary_24h	PASS	UNANNOTATED	unannotated protein	NOT_TESTABLE_REFERENCE_ABSENT	NO_GENE_ATTRIBUTABLE_TRANSPORTED_MOTIF		NO_INDEPENDENT_EXACT_SUPPORT			0	NONE	Exploratory	discovery-layer result only; no validation claim
gene	LITCHI011424	DISCOVERED	1.11630166760944	0.0143200358216911	FAIL	partial	PRJNA450886	primary_24h	PASS	FAMILY_LEVEL_FUNCTION	NHP2-like protein 1	NOT_TESTABLE_REFERENCE_ABSENT	NO_GENE_ATTRIBUTABLE_TRANSPORTED_MOTIF		NO_INDEPENDENT_EXACT_SUPPORT			0	NONE	Exploratory	discovery-layer result only; no validation claim
gene	LITCHI011520	DISCOVERED	0.837288768501431	0.00213738619957588	FAIL	unsupported	PRJNA450886	primary_24h	PASS	FAMILY_LEVEL_FUNCTION	Protein GIGANTEA	NOT_TESTABLE_REFERENCE_ABSENT	NO_GENE_ATTRIBUTABLE_TRANSPORTED_MOTIF		NO_INDEPENDENT_EXACT_SUPPORT			0	NONE	Exploratory	discovery-layer result only; no validation claim
gene	LITCHI011536	DISCOVERED	1.28566991562519	0.00892960082310355	FAIL	partial	PRJNA450886	primary_24h	PASS	FAMILY_LEVEL_FUNCTION	DEAD-box ATP-dependent RNA helicase 39	NOT_TESTABLE_REFERENCE_ABSENT	NO_GENE_ATTRIBUTABLE_TRANSPORTED_MOTIF		NO_INDEPENDENT_EXACT_SUPPORT			0	NONE	Exploratory	discovery-layer result only; no validation claim
gene	LITCHI011561	RETIRED_MAPPING_FAILURE	1.21608198257199	0.00721222407883435	NOT_APPLICABLE	not_testable	PRJNA450886	primary_24h	FAIL	NOT_APPLICABLE		NOT_TESTABLE_REFERENCE_ABSENT	NO_GENE_ATTRIBUTABLE_TRANSPORTED_MOTIF		NO_INDEPENDENT_EXACT_SUPPORT			0	MAPPING_OR_ANNOTATION_FAILURE	Retired	do not advance; retain as contradictory or failed candidate
gene	LITCHI011959	DISCOVERED	-0.680445151877315	0.00219224035127749	FAIL	unsupported	PRJNA450886	primary_24h	PASS	UNANNOTATED	Interferon-induced GTP-binding protein Mx (Fragment)	NOT_TESTABLE_REFERENCE_ABSENT	NO_GENE_ATTRIBUTABLE_TRANSPORTED_MOTIF		NO_INDEPENDENT_EXACT_SUPPORT			0	NONE	Exploratory	discovery-layer result only; no validation claim
gene	LITCHI011966	RETIRED_MAPPING_FAILURE	-2.09746201509663	0.0339108577941059	NOT_APPLICABLE	not_testable	PRJNA450886	primary_24h	FAIL	NOT_APPLICABLE		NOT_TESTABLE_REFERENCE_ABSENT	NO_GENE_ATTRIBUTABLE_TRANSPORTED_MOTIF		NO_INDEPENDENT_EXACT_SUPPORT			0	MAPPING_OR_ANNOTATION_FAILURE	Retired	do not advance; retain as contradictory or failed candidate
gene	LITCHI012300	RETIRED_MAPPING_FAILURE	-1.08032336836067	0.0259712123677265	NOT_APPLICABLE	not_testable	PRJNA450886	primary_24h	FAIL	NOT_APPLICABLE		NOT_TESTABLE_REFERENCE_ABSENT	NO_GENE_ATTRIBUTABLE_TRANSPORTED_MOTIF		NO_INDEPENDENT_EXACT_SUPPORT			0	MAPPING_OR_ANNOTATION_FAILURE	Retired	do not advance; retain as contradictory or failed candidate
gene	LITCHI012432	DISCOVERED	-0.885309383928994	0.00494873624759354	FAIL	unsupported	PRJNA450886	primary_24h	PASS	FAMILY_LEVEL_FUNCTION	Protein IQ-DOMAIN 21	NOT_TESTABLE_REFERENCE_ABSENT	NO_GENE_ATTRIBUTABLE_TRANSPORTED_MOTIF		NO_INDEPENDENT_EXACT_SUPPORT			0	NONE	Exploratory	discovery-layer result only; no validation claim
gene	LITCHI012815	DISCOVERED	-2.54894194259723	0.000457096292226895	FAIL	partial	PRJNA450886	primary_24h	PASS	UNANNOTATED	unannotated protein	NOT_TESTABLE_REFERENCE_ABSENT	NO_GENE_ATTRIBUTABLE_TRANSPORTED_MOTIF		NO_INDEPENDENT_EXACT_SUPPORT			0	NONE	Exploratory	discovery-layer result only; no validation claim
gene	LITCHI012927	RETIRED_MAPPING_FAILURE	-1.43638416612996	0.014965332220011	NOT_APPLICABLE	not_testable	PRJNA450886	primary_24h	FAIL	NOT_APPLICABLE		NOT_TESTABLE_REFERENCE_ABSENT	NO_GENE_ATTRIBUTABLE_TRANSPORTED_MOTIF		NO_INDEPENDENT_EXACT_SUPPORT			0	MAPPING_OR_ANNOTATION_FAILURE	Retired	do not advance; retain as contradictory or failed candidate
gene	LITCHI012980	RETIRED_MAPPING_FAILURE	2.35750071039401	0.0286622782654542	NOT_APPLICABLE	not_testable	PRJNA450886	primary_24h	FAIL	NOT_APPLICABLE		NOT_TESTABLE_REFERENCE_ABSENT	NO_GENE_ATTRIBUTABLE_TRANSPORTED_MOTIF		NO_INDEPENDENT_EXACT_SUPPORT			0	MAPPING_OR_ANNOTATION_FAILURE	Retired	do not advance; retain as contradictory or failed candidate
gene	LITCHI013088	DISCOVERED	-1.011668265781	0.0133540718978896	FAIL	unsupported	PRJNA450886	primary_24h	PASS	FAMILY_LEVEL_FUNCTION	UDP-glycosyltransferase 79B3	NOT_TESTABLE_REFERENCE_ABSENT	NO_GENE_ATTRIBUTABLE_TRANSPORTED_MOTIF		NO_INDEPENDENT_EXACT_SUPPORT			0	NONE	Exploratory	discovery-layer result only; no validation claim
gene	LITCHI013276	DISCOVERED	-3.6536389628409	0.0132931244960457	FAIL	not_testable	PRJNA450886	primary_24h	PASS	FAMILY_LEVEL_FUNCTION	Calcium-binding protein PBP1	NOT_TESTABLE_REFERENCE_ABSENT	NO_GENE_ATTRIBUTABLE_TRANSPORTED_MOTIF		NO_INDEPENDENT_EXACT_SUPPORT			0	NONE	Exploratory	discovery-layer result only; no validation claim
gene	LITCHI013379	DISCOVERED	0.929987136454016	0.0103045388417412	FAIL	unsupported	PRJNA450886	primary_24h	PASS	UNANNOTATED	unannotated protein	NOT_TESTABLE_REFERENCE_ABSENT	NO_GENE_ATTRIBUTABLE_TRANSPORTED_MOTIF		NO_INDEPENDENT_EXACT_SUPPORT			0	NONE	Exploratory	discovery-layer result only; no validation claim
gene	LITCHI013400	RETIRED_MAPPING_FAILURE	2.04278296757773	0.0230859808084957	NOT_APPLICABLE	not_testable	PRJNA450886	primary_24h	FAIL	NOT_APPLICABLE		NOT_TESTABLE_REFERENCE_ABSENT	NO_GENE_ATTRIBUTABLE_TRANSPORTED_MOTIF		NO_INDEPENDENT_EXACT_SUPPORT			0	MAPPING_OR_ANNOTATION_FAILURE	Retired	do not advance; retain as contradictory or failed candidate
gene	LITCHI013576	RETIRED_MAPPING_FAILURE	1.55233778262169	0.00431779742374961	NOT_APPLICABLE	not_testable	PRJNA450886	primary_24h	FAIL	NOT_APPLICABLE		NOT_TESTABLE_REFERENCE_ABSENT	NO_GENE_ATTRIBUTABLE_TRANSPORTED_MOTIF		NO_INDEPENDENT_EXACT_SUPPORT			0	MAPPING_OR_ANNOTATION_FAILURE	Retired	do not advance; retain as contradictory or failed candidate
gene	LITCHI013662	RETIRED_MAPPING_FAILURE	1.10989571328811	0.00789023856493245	NOT_APPLICABLE	not_testable	PRJNA450886	primary_24h	FAIL	NOT_APPLICABLE		NOT_TESTABLE_REFERENCE_ABSENT	NO_GENE_ATTRIBUTABLE_TRANSPORTED_MOTIF		NO_INDEPENDENT_EXACT_SUPPORT			0	MAPPING_OR_ANNOTATION_FAILURE	Retired	do not advance; retain as contradictory or failed candidate
gene	LITCHI013895	DISCOVERED	-0.757894468723173	0.0300568201378754	FAIL	partial	PRJNA450886	primary_24h	PASS	FAMILY_LEVEL_FUNCTION	Ethylene-responsive transcription factor 3	NOT_TESTABLE_REFERENCE_ABSENT	NO_GENE_ATTRIBUTABLE_TRANSPORTED_MOTIF		NO_INDEPENDENT_EXACT_SUPPORT			0	NONE	Exploratory	discovery-layer result only; no validation claim
gene	LITCHI013915	DISCOVERED	1.58253973508206	4.39633402885569e-05	PASS	partial	PRJNA450886	primary_24h	PASS	FAMILY_LEVEL_FUNCTION	1,4-alpha-glucan-branching enzyme 3, chloroplastic/amyloplastic	NOT_TESTABLE_REFERENCE_ABSENT	NO_GENE_ATTRIBUTABLE_TRANSPORTED_MOTIF		NO_INDEPENDENT_EXACT_SUPPORT			0	NONE	Tier B	robust discovery with partial or non-testable external evidence
gene	LITCHI013925	DISCOVERED	0.732979856813129	0.0347426658623961	FAIL	partial	PRJNA450886	primary_24h	PASS	FAMILY_LEVEL_FUNCTION	Imidazole glycerol phosphate synthase hisHF, chloroplastic	NOT_TESTABLE_REFERENCE_ABSENT	NO_GENE_ATTRIBUTABLE_TRANSPORTED_MOTIF		NO_INDEPENDENT_EXACT_SUPPORT			0	NONE	Exploratory	discovery-layer result only; no validation claim
gene	LITCHI014006	RETIRED_MAPPING_FAILURE	0.797305880356284	0.0402714398320017	NOT_APPLICABLE	not_testable	PRJNA450886	primary_24h	FAIL	NOT_APPLICABLE		NOT_TESTABLE_REFERENCE_ABSENT	NO_GENE_ATTRIBUTABLE_TRANSPORTED_MOTIF		NO_INDEPENDENT_EXACT_SUPPORT			0	MAPPING_OR_ANNOTATION_FAILURE	Retired	do not advance; retain as contradictory or failed candidate
gene	LITCHI014256	DISCOVERED	0.979015900279916	0.0045498264014885	FAIL	unsupported	PRJNA450886	primary_24h	PASS	FAMILY_LEVEL_FUNCTION	Pentatricopeptide repeat-containing protein At3g06430, chloroplastic	NOT_TESTABLE_REFERENCE_ABSENT	NO_GENE_ATTRIBUTABLE_TRANSPORTED_MOTIF		NO_INDEPENDENT_EXACT_SUPPORT			0	NONE	Exploratory	discovery-layer result only; no validation claim
gene	LITCHI014400	DISCOVERED	-0.875612335036969	0.0388904992701055	FAIL	unsupported	PRJNA450886	primary_24h	PASS	UNANNOTATED	unannotated protein	NOT_TESTABLE_REFERENCE_ABSENT	NO_GENE_ATTRIBUTABLE_TRANSPORTED_MOTIF		NO_INDEPENDENT_EXACT_SUPPORT			0	NONE	Exploratory	discovery-layer result only; no validation claim
gene	LITCHI014435	RETIRED_GENE_MODEL_AMBIGUITY	1.17615143104461	0.0348588277657599	NOT_APPLICABLE	not_testable	PRJNA450886	primary_24h	FAIL	NOT_APPLICABLE		NOT_TESTABLE_REFERENCE_ABSENT	NO_GENE_ATTRIBUTABLE_TRANSPORTED_MOTIF		NO_INDEPENDENT_EXACT_SUPPORT			0	MAPPING_OR_ANNOTATION_FAILURE	Retired	do not advance; retain as contradictory or failed candidate
gene	LITCHI014480	DISCOVERED	-1.01836067537996	0.000285223574243013	FAIL	partial	PRJNA450886	primary_24h	PASS	FAMILY_LEVEL_FUNCTION	Putative E3 ubiquitin-protein ligase LIN-1	NOT_TESTABLE_REFERENCE_ABSENT	NO_GENE_ATTRIBUTABLE_TRANSPORTED_MOTIF		NO_INDEPENDENT_EXACT_SUPPORT			0	NONE	Exploratory	discovery-layer result only; no validation claim
gene	LITCHI014512	RETIRED_MAPPING_FAILURE	-1.32292912664433	0.0259712123677265	NOT_APPLICABLE	not_testable	PRJNA450886	primary_24h	FAIL	NOT_APPLICABLE		NOT_TESTABLE_REFERENCE_ABSENT	NO_GENE_ATTRIBUTABLE_TRANSPORTED_MOTIF		NO_INDEPENDENT_EXACT_SUPPORT			0	MAPPING_OR_ANNOTATION_FAILURE	Retired	do not advance; retain as contradictory or failed candidate
gene	LITCHI014613	DISCOVERED	3.69273027953801	8.69074825280193e-06	PASS	partial	PRJNA450886	primary_24h	PASS	FAMILY_LEVEL_FUNCTION	Sugar transporter ERD6-like 16	NOT_TESTABLE_REFERENCE_ABSENT	NO_GENE_ATTRIBUTABLE_TRANSPORTED_MOTIF		NO_INDEPENDENT_EXACT_SUPPORT			0	NONE	Tier B	robust discovery with partial or non-testable external evidence
gene	LITCHI014624	DISCOVERED	-0.909684474941511	0.0480631480655992	FAIL	unsupported	PRJNA450886	primary_24h	PASS	UNANNOTATED	unannotated protein	NOT_TESTABLE_REFERENCE_ABSENT	NO_GENE_ATTRIBUTABLE_TRANSPORTED_MOTIF		NO_INDEPENDENT_EXACT_SUPPORT			0	NONE	Exploratory	discovery-layer result only; no validation claim
gene	LITCHI014699	RETIRED_GENE_MODEL_AMBIGUITY	1.39844781594363	0.0445011626745455	NOT_APPLICABLE	not_testable	PRJNA450886	primary_24h	FAIL	NOT_APPLICABLE		NOT_TESTABLE_REFERENCE_ABSENT	NO_GENE_ATTRIBUTABLE_TRANSPORTED_MOTIF		NO_INDEPENDENT_EXACT_SUPPORT			0	MAPPING_OR_ANNOTATION_FAILURE	Retired	do not advance; retain as contradictory or failed candidate
gene	LITCHI014759	DISCOVERED	0.849969569756354	0.013283710325449	FAIL	partial	PRJNA450886	primary_24h	PASS	FAMILY_LEVEL_FUNCTION	Long chain acyl-CoA synthetase 6, peroxisomal	NOT_TESTABLE_REFERENCE_ABSENT	NO_GENE_ATTRIBUTABLE_TRANSPORTED_MOTIF		NO_INDEPENDENT_EXACT_SUPPORT			0	NONE	Exploratory	discovery-layer result only; no validation claim
gene	LITCHI014813	DISCOVERED	1.19184717471856	0.0122778271178884	FAIL	partial	PRJNA450886	primary_24h	PASS	FAMILY_LEVEL_FUNCTION	Pentatricopeptide repeat-containing protein At4g14850	NOT_TESTABLE_REFERENCE_ABSENT	NO_GENE_ATTRIBUTABLE_TRANSPORTED_MOTIF		NO_INDEPENDENT_EXACT_SUPPORT			0	NONE	Exploratory	discovery-layer result only; no validation claim
gene	LITCHI014858	DISCOVERED	2.19092478072678	0.0180957507647159	FAIL	unsupported	PRJNA450886	primary_24h	PASS	FAMILY_LEVEL_FUNCTION	Homocysteine S-methyltransferase 3	NOT_TESTABLE_REFERENCE_ABSENT	NO_GENE_ATTRIBUTABLE_TRANSPORTED_MOTIF		NO_INDEPENDENT_EXACT_SUPPORT			0	MAPPING_OR_ANNOTATION_FAILURE	Retired	do not advance; retain as contradictory or failed candidate
gene	LITCHI014914	DISCOVERED	3.40666375247417	0.0175133685648839	FAIL	unsupported	PRJNA450886	primary_24h	PASS	FAMILY_LEVEL_FUNCTION	3-ketoacyl-CoA synthase 20	NOT_TESTABLE_REFERENCE_ABSENT	NO_GENE_ATTRIBUTABLE_TRANSPORTED_MOTIF		NO_INDEPENDENT_EXACT_SUPPORT			0	NONE	Exploratory	discovery-layer result only; no validation claim
gene	LITCHI015464	DISCOVERED	1.2669359040326	0.00133200908602764	FAIL	partial	PRJNA450886	primary_24h	PASS	UNANNOTATED	unannotated protein	NOT_TESTABLE_REFERENCE_ABSENT	NO_GENE_ATTRIBUTABLE_TRANSPORTED_MOTIF		NO_INDEPENDENT_EXACT_SUPPORT			0	NONE	Exploratory	discovery-layer result only; no validation claim
gene	LITCHI015541	RETIRED_MAPPING_FAILURE	1.51367110119737	0.00127886488498145	NOT_APPLICABLE	not_testable	PRJNA450886	primary_24h	FAIL	NOT_APPLICABLE		NOT_TESTABLE_REFERENCE_ABSENT	NO_GENE_ATTRIBUTABLE_TRANSPORTED_MOTIF		NO_INDEPENDENT_EXACT_SUPPORT			0	MAPPING_OR_ANNOTATION_FAILURE	Retired	do not advance; retain as contradictory or failed candidate
gene	LITCHI015623	RETIRED_MAPPING_FAILURE	0.824669970860925	0.0480631480655992	NOT_APPLICABLE	not_testable	PRJNA450886	primary_24h	FAIL	NOT_APPLICABLE		NOT_TESTABLE_REFERENCE_ABSENT	NO_GENE_ATTRIBUTABLE_TRANSPORTED_MOTIF		NO_INDEPENDENT_EXACT_SUPPORT			0	MAPPING_OR_ANNOTATION_FAILURE	Retired	do not advance; retain as contradictory or failed candidate
gene	LITCHI015702	DISCOVERED	1.06295289132018	0.0257912169134975	FAIL	unsupported	PRJNA450886	primary_24h	PASS	FAMILY_LEVEL_FUNCTION	Protein TIC 22-like, chloroplastic	NOT_TESTABLE_REFERENCE_ABSENT	NO_GENE_ATTRIBUTABLE_TRANSPORTED_MOTIF		NO_INDEPENDENT_EXACT_SUPPORT			0	NONE	Exploratory	discovery-layer result only; no validation claim
gene	LITCHI015740	DISCOVERED	-1.96299486758937	1.15007301951712e-07	PASS	partial	PRJNA450886	primary_24h	PASS	FAMILY_LEVEL_FUNCTION	Putative lipid-transfer protein DIR1	NOT_TESTABLE_REFERENCE_ABSENT	NO_GENE_ATTRIBUTABLE_TRANSPORTED_MOTIF		NO_INDEPENDENT_EXACT_SUPPORT			0	NONE	Tier B	robust discovery with partial or non-testable external evidence
gene	LITCHI015950	DISCOVERED	0.883765913569474	0.0134135175408401	FAIL	partial	PRJNA450886	primary_24h	PASS	FAMILY_LEVEL_FUNCTION	DEAD-box ATP-dependent RNA helicase 53, mitochondrial	NOT_TESTABLE_REFERENCE_ABSENT	NO_GENE_ATTRIBUTABLE_TRANSPORTED_MOTIF		NO_INDEPENDENT_EXACT_SUPPORT			0	NONE	Exploratory	discovery-layer result only; no validation claim
gene	LITCHI015982	DISCOVERED	3.42612366371821	7.78353948677146e-07	PASS	partial	PRJNA450886	primary_24h	PASS	FAMILY_LEVEL_FUNCTION	WAT1-related protein At4g30420	NOT_TESTABLE_REFERENCE_ABSENT	NO_GENE_ATTRIBUTABLE_TRANSPORTED_MOTIF		NO_INDEPENDENT_EXACT_SUPPORT			0	NONE	Tier B	robust discovery with partial or non-testable external evidence
gene	LITCHI016030	RETIRED_GENE_MODEL_AMBIGUITY	0.808271017456127	0.0237297852863433	NOT_APPLICABLE	not_testable	PRJNA450886	primary_24h	FAIL	NOT_APPLICABLE		NOT_TESTABLE_REFERENCE_ABSENT	NO_GENE_ATTRIBUTABLE_TRANSPORTED_MOTIF		NO_INDEPENDENT_EXACT_SUPPORT			0	MAPPING_OR_ANNOTATION_FAILURE	Retired	do not advance; retain as contradictory or failed candidate
gene	LITCHI016077	DISCOVERED	1.81072779153467	4.39633402885569e-05	PASS	partial	PRJNA450886	primary_24h	PASS	FAMILY_LEVEL_FUNCTION	Serine carboxypeptidase 24	NOT_TESTABLE_REFERENCE_ABSENT	NO_GENE_ATTRIBUTABLE_TRANSPORTED_MOTIF		NO_INDEPENDENT_EXACT_SUPPORT			0	NONE	Tier B	robust discovery with partial or non-testable external evidence
gene	LITCHI016297	DISCOVERED	0.678850117835252	0.0254833839226817	FAIL	unsupported	PRJNA450886	primary_24h	PASS	FAMILY_LEVEL_FUNCTION	Sugar transport protein 7	NOT_TESTABLE_REFERENCE_ABSENT	NO_GENE_ATTRIBUTABLE_TRANSPORTED_MOTIF		NO_INDEPENDENT_EXACT_SUPPORT			0	NONE	Exploratory	discovery-layer result only; no validation claim
gene	LITCHI016340	DISCOVERED	-2.14737102487156	0.00412615327335507	FAIL	not_testable	PRJNA450886	primary_24h	PASS	FAMILY_LEVEL_FUNCTION	Pathogenesis-related protein PR-1	NOT_TESTABLE_REFERENCE_ABSENT	NO_GENE_ATTRIBUTABLE_TRANSPORTED_MOTIF		NO_INDEPENDENT_EXACT_SUPPORT			0	NONE	Exploratory	discovery-layer result only; no validation claim
gene	LITCHI016395	DISCOVERED	2.43386897971149	0.0166022529206087	FAIL	partial	PRJNA450886	primary_24h	PASS	FAMILY_LEVEL_FUNCTION	WD repeat-containing protein 75	NOT_TESTABLE_REFERENCE_ABSENT	NO_GENE_ATTRIBUTABLE_TRANSPORTED_MOTIF		NO_INDEPENDENT_EXACT_SUPPORT			0	NONE	Exploratory	discovery-layer result only; no validation claim
gene	LITCHI016580	DISCOVERED	-1.30569271248066	0.00649100319243502	FAIL	partial	PRJNA450886	primary_24h	PASS	FAMILY_LEVEL_FUNCTION	Glutaredoxin-C6	NOT_TESTABLE_REFERENCE_ABSENT	NO_GENE_ATTRIBUTABLE_TRANSPORTED_MOTIF		NO_INDEPENDENT_EXACT_SUPPORT			0	NONE	Exploratory	discovery-layer result only; no validation claim
gene	LITCHI016665	DISCOVERED	0.798179190399944	0.0480631480655992	FAIL	partial	PRJNA450886	primary_24h	PASS	FAMILY_LEVEL_FUNCTION	Protein arginine N-methyltransferase PRMT10	NOT_TESTABLE_REFERENCE_ABSENT	NO_GENE_ATTRIBUTABLE_TRANSPORTED_MOTIF		NO_INDEPENDENT_EXACT_SUPPORT			0	NONE	Exploratory	discovery-layer result only; no validation claim
gene	LITCHI016846	DISCOVERED	-2.10118439707094	0.0399031315742185	FAIL	unsupported	PRJNA450886	primary_24h	PASS	FAMILY_LEVEL_FUNCTION	Aspartyl protease family protein At5g10770	NOT_TESTABLE_REFERENCE_ABSENT	NO_GENE_ATTRIBUTABLE_TRANSPORTED_MOTIF		NO_INDEPENDENT_EXACT_SUPPORT			0	NONE	Exploratory	discovery-layer result only; no validation claim
gene	LITCHI016911	DISCOVERED	0.622077699791301	0.0288677332097676	FAIL	unsupported	PRJNA450886	primary_24h	PASS	UNANNOTATED	unannotated protein	NOT_TESTABLE_REFERENCE_ABSENT	NO_GENE_ATTRIBUTABLE_TRANSPORTED_MOTIF		NO_INDEPENDENT_EXACT_SUPPORT			0	NONE	Exploratory	discovery-layer result only; no validation claim
gene	LITCHI016917	DISCOVERED	-1.59509565553956	0.0309146703458552	FAIL	partial	PRJNA450886	primary_24h	PASS	FAMILY_LEVEL_FUNCTION	Zinc finger protein 3	NOT_TESTABLE_REFERENCE_ABSENT	NO_GENE_ATTRIBUTABLE_TRANSPORTED_MOTIF		NO_INDEPENDENT_EXACT_SUPPORT			0	NONE	Exploratory	discovery-layer result only; no validation claim
gene	LITCHI016983	DISCOVERED	-0.746760905700001	0.0132931244960457	FAIL	partial	PRJNA450886	primary_24h	PASS	FAMILY_LEVEL_FUNCTION	Putative clathrin assembly protein At2g25430	NOT_TESTABLE_REFERENCE_ABSENT	NO_GENE_ATTRIBUTABLE_TRANSPORTED_MOTIF		NO_INDEPENDENT_EXACT_SUPPORT			0	NONE	Exploratory	discovery-layer result only; no validation claim
gene	LITCHI016994	DISCOVERED	1.31490156469587	0.0253257166273663	FAIL	unsupported	PRJNA450886	primary_24h	PASS	FAMILY_LEVEL_FUNCTION	EIN3-binding F-box protein 1	NOT_TESTABLE_REFERENCE_ABSENT	NO_GENE_ATTRIBUTABLE_TRANSPORTED_MOTIF		NO_INDEPENDENT_EXACT_SUPPORT			0	NONE	Exploratory	discovery-layer result only; no validation claim
gene	LITCHI017118	RETIRED_GENE_MODEL_AMBIGUITY	0.806612533823148	0.00498227784610392	NOT_APPLICABLE	not_testable	PRJNA450886	primary_24h	FAIL	NOT_APPLICABLE		NOT_TESTABLE_REFERENCE_ABSENT	NO_GENE_ATTRIBUTABLE_TRANSPORTED_MOTIF		NO_INDEPENDENT_EXACT_SUPPORT			0	MAPPING_OR_ANNOTATION_FAILURE	Retired	do not advance; retain as contradictory or failed candidate
gene	LITCHI017301	DISCOVERED	-1.86819256371346	0.0371027895403131	FAIL	unsupported	PRJNA450886	primary_24h	PASS	FAMILY_LEVEL_FUNCTION	Cuscuta receptor 1	NOT_TESTABLE_REFERENCE_ABSENT	NO_GENE_ATTRIBUTABLE_TRANSPORTED_MOTIF		NO_INDEPENDENT_EXACT_SUPPORT			0	NONE	Exploratory	discovery-layer result only; no validation claim
gene	LITCHI017310	DISCOVERED	-1.8443511902293	0.0100595515648978	FAIL	partial	PRJNA450886	primary_24h	PASS	UNANNOTATED	unannotated protein	NOT_TESTABLE_REFERENCE_ABSENT	NO_GENE_ATTRIBUTABLE_TRANSPORTED_MOTIF		NO_INDEPENDENT_EXACT_SUPPORT			0	NONE	Exploratory	discovery-layer result only; no validation claim
gene	LITCHI017559	DISCOVERED	2.76766703574257	0.0388904992701055	FAIL	unsupported	PRJNA450886	primary_24h	PASS	UNANNOTATED	unannotated protein	NOT_TESTABLE_REFERENCE_ABSENT	NO_GENE_ATTRIBUTABLE_TRANSPORTED_MOTIF		NO_INDEPENDENT_EXACT_SUPPORT			0	NONE	Exploratory	discovery-layer result only; no validation claim
gene	LITCHI017561	DISCOVERED	3.02538115857601	0.00985441008076491	FAIL	partial	PRJNA450886	primary_24h	PASS	UNANNOTATED	unannotated protein	NOT_TESTABLE_REFERENCE_ABSENT	NO_GENE_ATTRIBUTABLE_TRANSPORTED_MOTIF		NO_INDEPENDENT_EXACT_SUPPORT			0	NONE	Exploratory	discovery-layer result only; no validation claim
gene	LITCHI017634	DISCOVERED	0.823683127651957	0.029974437210403	FAIL	unsupported	PRJNA450886	primary_24h	PASS	FAMILY_LEVEL_FUNCTION	Protein HEAT STRESS TOLERANT DWD 1	NOT_TESTABLE_REFERENCE_ABSENT	NO_GENE_ATTRIBUTABLE_TRANSPORTED_MOTIF		NO_INDEPENDENT_EXACT_SUPPORT			0	NONE	Exploratory	discovery-layer result only; no validation claim
gene	LITCHI017733	DISCOVERED	1.33483169311659	0.00130850272308789	FAIL	unsupported	PRJNA450886	primary_24h	PASS	UNANNOTATED	rRNA methyltransferase 1, mitochondrial	NOT_TESTABLE_REFERENCE_ABSENT	NO_GENE_ATTRIBUTABLE_TRANSPORTED_MOTIF		NO_INDEPENDENT_EXACT_SUPPORT			0	NONE	Exploratory	discovery-layer result only; no validation claim
gene	LITCHI017753	DISCOVERED	-1.48680468278964	0.0127348877162897	FAIL	not_testable	PRJNA450886	primary_24h	PASS	FAMILY_LEVEL_FUNCTION	family of Oryza ortholog Q8S2Q8	NOT_TESTABLE_REFERENCE_ABSENT	NO_GENE_ATTRIBUTABLE_TRANSPORTED_MOTIF		NO_INDEPENDENT_EXACT_SUPPORT			0	NONE	Exploratory	discovery-layer result only; no validation claim
gene	LITCHI017811	RETIRED_GENE_MODEL_AMBIGUITY	1.96461316508476	0.013283710325449	NOT_APPLICABLE	not_testable	PRJNA450886	primary_24h	FAIL	NOT_APPLICABLE		NOT_TESTABLE_REFERENCE_ABSENT	NO_GENE_ATTRIBUTABLE_TRANSPORTED_MOTIF		NO_INDEPENDENT_EXACT_SUPPORT			0	MAPPING_OR_ANNOTATION_FAILURE	Retired	do not advance; retain as contradictory or failed candidate
gene	LITCHI017862	DISCOVERED	-2.56254810275721	0.0388904992701055	FAIL	partial	PRJNA450886	primary_24h	PASS	FAMILY_LEVEL_FUNCTION	Abscisic acid 8'-hydroxylase CYP707A2	NOT_TESTABLE_REFERENCE_ABSENT	NO_GENE_ATTRIBUTABLE_TRANSPORTED_MOTIF		NO_INDEPENDENT_EXACT_SUPPORT			0	NONE	Exploratory	discovery-layer result only; no validation claim
gene	LITCHI017954	DISCOVERED	-0.846025597742071	0.0380685849735174	FAIL	unsupported	PRJNA450886	primary_24h	PASS	FAMILY_LEVEL_FUNCTION	Beta-glucuronosyltransferase GlcAT14A	NOT_TESTABLE_REFERENCE_ABSENT	NO_GENE_ATTRIBUTABLE_TRANSPORTED_MOTIF		NO_INDEPENDENT_EXACT_SUPPORT			0	NONE	Exploratory	discovery-layer result only; no validation claim
gene	LITCHI017972	RETIRED_GENE_MODEL_AMBIGUITY	-1.10899054812206	0.000718714834628773	NOT_APPLICABLE	not_testable	PRJNA450886	primary_24h	FAIL	NOT_APPLICABLE		NOT_TESTABLE_REFERENCE_ABSENT	NO_GENE_ATTRIBUTABLE_TRANSPORTED_MOTIF		NO_INDEPENDENT_EXACT_SUPPORT			0	MAPPING_OR_ANNOTATION_FAILURE	Retired	do not advance; retain as contradictory or failed candidate
gene	LITCHI018073	DISCOVERED	-3.27682717125617	0.0216010862561126	FAIL	not_testable	PRJNA450886	primary_24h	PASS	FAMILY_LEVEL_FUNCTION	Senescence associated gene 20	NOT_TESTABLE_REFERENCE_ABSENT	NO_GENE_ATTRIBUTABLE_TRANSPORTED_MOTIF		NO_INDEPENDENT_EXACT_SUPPORT			0	NONE	Exploratory	discovery-layer result only; no validation claim
gene	LITCHI018309	DISCOVERED	-0.968358072646313	0.00389423855684298	FAIL	partial	PRJNA450886	primary_24h	PASS	FAMILY_LEVEL_FUNCTION	Universal stress protein PHOS32	NOT_TESTABLE_REFERENCE_ABSENT	NO_GENE_ATTRIBUTABLE_TRANSPORTED_MOTIF		NO_INDEPENDENT_EXACT_SUPPORT			0	NONE	Exploratory	discovery-layer result only; no validation claim
gene	LITCHI018384	DISCOVERED	-1.55878636749034	0.00263079112061048	FAIL	unsupported	PRJNA450886	primary_24h	PASS	FAMILY_LEVEL_FUNCTION	family of Oryza ortholog Q10ND1	NOT_TESTABLE_REFERENCE_ABSENT	NO_GENE_ATTRIBUTABLE_TRANSPORTED_MOTIF		NO_INDEPENDENT_EXACT_SUPPORT			0	NONE	Exploratory	discovery-layer result only; no validation claim
gene	LITCHI018449	RETIRED_GENE_MODEL_AMBIGUITY	0.760370582112849	0.000486902158076459	NOT_APPLICABLE	not_testable	PRJNA450886	primary_24h	FAIL	NOT_APPLICABLE		NOT_TESTABLE_REFERENCE_ABSENT	NO_GENE_ATTRIBUTABLE_TRANSPORTED_MOTIF		NO_INDEPENDENT_EXACT_SUPPORT			0	MAPPING_OR_ANNOTATION_FAILURE	Retired	do not advance; retain as contradictory or failed candidate
gene	LITCHI018512	DISCOVERED	1.65757689760108	0.00194437627616045	FAIL	unsupported	PRJNA450886	primary_24h	PASS	FAMILY_LEVEL_FUNCTION	Pentatricopeptide repeat-containing protein At2g37310	NOT_TESTABLE_REFERENCE_ABSENT	NO_GENE_ATTRIBUTABLE_TRANSPORTED_MOTIF		NO_INDEPENDENT_EXACT_SUPPORT			0	NONE	Exploratory	discovery-layer result only; no validation claim
gene	LITCHI018722	DISCOVERED	-3.83852740010122	0.0348588277657599	FAIL	unsupported	PRJNA450886	primary_24h	PASS	FAMILY_LEVEL_FUNCTION	Probable 2-oxoglutarate-dependent dioxygenase SLC1	NOT_TESTABLE_REFERENCE_ABSENT	NO_GENE_ATTRIBUTABLE_TRANSPORTED_MOTIF		NO_INDEPENDENT_EXACT_SUPPORT			0	NONE	Exploratory	discovery-layer result only; no validation claim
gene	LITCHI019041	DISCOVERED	-1.36099353783095	0.0444101792085916	FAIL	unsupported	PRJNA450886	primary_24h	PASS	FAMILY_LEVEL_FUNCTION	Leucine-rich repeat receptor protein kinase HPCA1	NOT_TESTABLE_REFERENCE_ABSENT	NO_GENE_ATTRIBUTABLE_TRANSPORTED_MOTIF		NO_INDEPENDENT_EXACT_SUPPORT			0	NONE	Exploratory	discovery-layer result only; no validation claim
gene	LITCHI019076	DISCOVERED	-6.09732812414933	0.00711738457993625	FAIL	not_testable	PRJNA450886	primary_24h	PASS	UNANNOTATED	unannotated protein	NOT_TESTABLE_REFERENCE_ABSENT	NO_GENE_ATTRIBUTABLE_TRANSPORTED_MOTIF		NO_INDEPENDENT_EXACT_SUPPORT			0	NONE	Exploratory	discovery-layer result only; no validation claim
gene	LITCHI019095	DISCOVERED	0.884172567831689	0.00617712054837334	FAIL	unsupported	PRJNA450886	primary_24h	PASS	FAMILY_LEVEL_FUNCTION	Thioredoxin-like 3-1, chloroplastic	NOT_TESTABLE_REFERENCE_ABSENT	NO_GENE_ATTRIBUTABLE_TRANSPORTED_MOTIF		NO_INDEPENDENT_EXACT_SUPPORT			0	NONE	Exploratory	discovery-layer result only; no validation claim
gene	LITCHI019186	DISCOVERED	1.10279907681684	0.0454980445968332	FAIL	unsupported	PRJNA450886	primary_24h	PASS	FAMILY_LEVEL_FUNCTION	Pentatricopeptide repeat-containing protein At3g22150, chloroplastic	NOT_TESTABLE_REFERENCE_ABSENT	NO_GENE_ATTRIBUTABLE_TRANSPORTED_MOTIF		NO_INDEPENDENT_EXACT_SUPPORT			0	NONE	Exploratory	discovery-layer result only; no validation claim
gene	LITCHI019319	DISCOVERED	1.06614809876166	0.00422457898271111	FAIL	partial	PRJNA450886	primary_24h	PASS	FAMILY_LEVEL_FUNCTION	DNA-directed RNA polymerase 2, chloroplastic/mitochondrial	NOT_TESTABLE_REFERENCE_ABSENT	NO_GENE_ATTRIBUTABLE_TRANSPORTED_MOTIF		NO_INDEPENDENT_EXACT_SUPPORT			0	NONE	Exploratory	discovery-layer result only; no validation claim
gene	LITCHI019399	RETIRED_MAPPING_FAILURE	-1.32099606328797	0.0237799610235217	NOT_APPLICABLE	not_testable	PRJNA450886	primary_24h	FAIL	NOT_APPLICABLE		NOT_TESTABLE_REFERENCE_ABSENT	NO_GENE_ATTRIBUTABLE_TRANSPORTED_MOTIF		NO_INDEPENDENT_EXACT_SUPPORT			0	MAPPING_OR_ANNOTATION_FAILURE	Retired	do not advance; retain as contradictory or failed candidate
gene	LITCHI019420	DISCOVERED	1.15055575620242	0.00327192203606201	FAIL	unsupported	PRJNA450886	primary_24h	PASS	FAMILY_LEVEL_FUNCTION	Pentatricopeptide repeat-containing protein At5g39350	NOT_TESTABLE_REFERENCE_ABSENT	NO_GENE_ATTRIBUTABLE_TRANSPORTED_MOTIF		NO_INDEPENDENT_EXACT_SUPPORT			0	NONE	Exploratory	discovery-layer result only; no validation claim
gene	LITCHI019568	RETIRED_MAPPING_FAILURE	-1.78927587150721	0.0259712123677265	NOT_APPLICABLE	not_testable	PRJNA450886	primary_24h	FAIL	NOT_APPLICABLE		NOT_TESTABLE_REFERENCE_ABSENT	NO_GENE_ATTRIBUTABLE_TRANSPORTED_MOTIF		NO_INDEPENDENT_EXACT_SUPPORT			0	MAPPING_OR_ANNOTATION_FAILURE	Retired	do not advance; retain as contradictory or failed candidate
gene	LITCHI019626	DISCOVERED	-1.87452672348075	0.0445011626745455	FAIL	partial	PRJNA450886	primary_24h	PASS	FAMILY_LEVEL_FUNCTION	Probable LRR receptor-like serine/threonine-protein kinase At1g06840	NOT_TESTABLE_REFERENCE_ABSENT	NO_GENE_ATTRIBUTABLE_TRANSPORTED_MOTIF		NO_INDEPENDENT_EXACT_SUPPORT			0	NONE	Exploratory	discovery-layer result only; no validation claim
gene	LITCHI019664	DISCOVERED	-0.598464438355614	0.00214069203913304	FAIL	unsupported	PRJNA450886	primary_24h	PASS	FAMILY_LEVEL_FUNCTION	Probable galacturonosyltransferase 7	NOT_TESTABLE_REFERENCE_ABSENT	NO_GENE_ATTRIBUTABLE_TRANSPORTED_MOTIF		NO_INDEPENDENT_EXACT_SUPPORT			0	NONE	Exploratory	discovery-layer result only; no validation claim
gene	LITCHI019822	DISCOVERED	-0.730865538412879	0.00070605867572226	FAIL	partial	PRJNA450886	primary_24h	PASS	FAMILY_LEVEL_FUNCTION	U-box domain-containing protein 39	NOT_TESTABLE_REFERENCE_ABSENT	NO_GENE_ATTRIBUTABLE_TRANSPORTED_MOTIF		NO_INDEPENDENT_EXACT_SUPPORT			0	NONE	Exploratory	discovery-layer result only; no validation claim
gene	LITCHI019823	DISCOVERED	-0.961984101388718	0.0348588277657599	FAIL	partial	PRJNA450886	primary_24h	PASS	FAMILY_LEVEL_FUNCTION	family of Oryza ortholog Q653S1	NOT_TESTABLE_REFERENCE_ABSENT	NO_GENE_ATTRIBUTABLE_TRANSPORTED_MOTIF		NO_INDEPENDENT_EXACT_SUPPORT			0	NONE	Exploratory	discovery-layer result only; no validation claim
gene	LITCHI019824	DISCOVERED	1.08315105254643	0.0435689032747822	FAIL	unsupported	PRJNA450886	primary_24h	PASS	FAMILY_LEVEL_FUNCTION	Thioredoxin-like protein CITRX1, chloroplastic	NOT_TESTABLE_REFERENCE_ABSENT	NO_GENE_ATTRIBUTABLE_TRANSPORTED_MOTIF		NO_INDEPENDENT_EXACT_SUPPORT			0	NONE	Exploratory	discovery-layer result only; no validation claim
gene	LITCHI019857	DISCOVERED	1.03246151283045	0.0011709136879456	FAIL	partial	PRJNA450886	primary_24h	PASS	FAMILY_LEVEL_FUNCTION	Probable protein arginine N-methyltransferase 3	NOT_TESTABLE_REFERENCE_ABSENT	NO_GENE_ATTRIBUTABLE_TRANSPORTED_MOTIF		NO_INDEPENDENT_EXACT_SUPPORT			0	NONE	Exploratory	discovery-layer result only; no validation claim
gene	LITCHI019897	DISCOVERED	0.843069201971418	0.00890567674729033	FAIL	unsupported	PRJNA450886	primary_24h	PASS	FAMILY_LEVEL_FUNCTION	Calmodulin-interacting protein 111	NOT_TESTABLE_REFERENCE_ABSENT	NO_GENE_ATTRIBUTABLE_TRANSPORTED_MOTIF		NO_INDEPENDENT_EXACT_SUPPORT			0	NONE	Exploratory	discovery-layer result only; no validation claim
gene	LITCHI019913	DISCOVERED	0.713260301753304	0.0334816271989166	FAIL	partial	PRJNA450886	primary_24h	PASS	UNANNOTATED	DNA-directed RNA polymerase III subunit 2	NOT_TESTABLE_REFERENCE_ABSENT	NO_GENE_ATTRIBUTABLE_TRANSPORTED_MOTIF		NO_INDEPENDENT_EXACT_SUPPORT			0	NONE	Exploratory	discovery-layer result only; no validation claim
gene	LITCHI020058	DISCOVERED	-0.941598616265346	1.93707451928746e-05	PASS	unsupported	PRJNA450886	primary_24h	PASS	UNANNOTATED	unannotated protein	NOT_TESTABLE_REFERENCE_ABSENT	NO_GENE_ATTRIBUTABLE_TRANSPORTED_MOTIF		NO_INDEPENDENT_EXACT_SUPPORT			0	NONE	Exploratory	discovery-layer result only; no validation claim
gene	LITCHI020348	RETIRED_GENE_MODEL_AMBIGUITY	-4.49639544761973	0.00782837920783277	NOT_APPLICABLE	not_testable	PRJNA450886	primary_24h	FAIL	NOT_APPLICABLE		NOT_TESTABLE_REFERENCE_ABSENT	NO_GENE_ATTRIBUTABLE_TRANSPORTED_MOTIF		NO_INDEPENDENT_EXACT_SUPPORT			0	MAPPING_OR_ANNOTATION_FAILURE	Retired	do not advance; retain as contradictory or failed candidate
gene	LITCHI020381	RETIRED_GENE_MODEL_AMBIGUITY	-2.0931499345446	0.000718760787771844	NOT_APPLICABLE	not_testable	PRJNA450886	primary_24h	FAIL	NOT_APPLICABLE		NOT_TESTABLE_REFERENCE_ABSENT	NO_GENE_ATTRIBUTABLE_TRANSPORTED_MOTIF		NO_INDEPENDENT_EXACT_SUPPORT			0	MAPPING_OR_ANNOTATION_FAILURE	Retired	do not advance; retain as contradictory or failed candidate
gene	LITCHI020557	DISCOVERED	2.23462873550162	0.00409053793462822	FAIL	not_testable	PRJNA450886	primary_24h	PASS	UNANNOTATED	unannotated protein	NOT_TESTABLE_REFERENCE_ABSENT	NO_GENE_ATTRIBUTABLE_TRANSPORTED_MOTIF		NO_INDEPENDENT_EXACT_SUPPORT			0	NONE	Exploratory	discovery-layer result only; no validation claim
gene	LITCHI020645	DISCOVERED	-0.620473196350287	0.0480631480655992	FAIL	partial	PRJNA450886	primary_24h	PASS	FAMILY_LEVEL_FUNCTION	Alpha/beta hydrolase domain-containing protein 17C	NOT_TESTABLE_REFERENCE_ABSENT	NO_GENE_ATTRIBUTABLE_TRANSPORTED_MOTIF		NO_INDEPENDENT_EXACT_SUPPORT			0	NONE	Exploratory	discovery-layer result only; no validation claim
gene	LITCHI020862	DISCOVERED	1.68182036176105	0.0120703394923609	FAIL	unsupported	PRJNA450886	primary_24h	PASS	FAMILY_LEVEL_FUNCTION	Probable ATP-dependent helicase At3g02060, chloroplastic	NOT_TESTABLE_REFERENCE_ABSENT	NO_GENE_ATTRIBUTABLE_TRANSPORTED_MOTIF		NO_INDEPENDENT_EXACT_SUPPORT			0	NONE	Exploratory	discovery-layer result only; no validation claim
gene	LITCHI021120	DISCOVERED	-0.690888890755379	0.0208075997419099	FAIL	unsupported	PRJNA450886	primary_24h	PASS	FAMILY_LEVEL_FUNCTION	Probable galacturonosyltransferase 10	NOT_TESTABLE_REFERENCE_ABSENT	NO_GENE_ATTRIBUTABLE_TRANSPORTED_MOTIF		NO_INDEPENDENT_EXACT_SUPPORT			0	NONE	Exploratory	discovery-layer result only; no validation claim
gene	LITCHI021264	DISCOVERED	-0.892337358971538	0.0253257166273663	FAIL	partial	PRJNA450886	primary_24h	PASS	FAMILY_LEVEL_FUNCTION	MYB-like transcription factor ETC1	NOT_TESTABLE_REFERENCE_ABSENT	NO_GENE_ATTRIBUTABLE_TRANSPORTED_MOTIF		NO_INDEPENDENT_EXACT_SUPPORT			0	NONE	Exploratory	discovery-layer result only; no validation claim
gene	LITCHI021309	DISCOVERED	1.64921595565161	0.0402714398320017	FAIL	unsupported	PRJNA450886	primary_24h	PASS	UNANNOTATED	unannotated protein	NOT_TESTABLE_REFERENCE_ABSENT	NO_GENE_ATTRIBUTABLE_TRANSPORTED_MOTIF		NO_INDEPENDENT_EXACT_SUPPORT			0	NONE	Exploratory	discovery-layer result only; no validation claim
gene	LITCHI021546	DISCOVERED	1.31268337866113	6.63965529613855e-05	PASS	partial	PRJNA450886	primary_24h	PASS	FAMILY_LEVEL_FUNCTION	Homeobox-DDT domain protein RLT3	NOT_TESTABLE_REFERENCE_ABSENT	NO_GENE_ATTRIBUTABLE_TRANSPORTED_MOTIF		NO_INDEPENDENT_EXACT_SUPPORT			0	NONE	Tier B	robust discovery with partial or non-testable external evidence
gene	LITCHI021593	RETIRED_GENE_MODEL_AMBIGUITY	-0.832826197976086	0.0470549642911606	NOT_APPLICABLE	not_testable	PRJNA450886	primary_24h	FAIL	NOT_APPLICABLE		NOT_TESTABLE_REFERENCE_ABSENT	NO_GENE_ATTRIBUTABLE_TRANSPORTED_MOTIF		NO_INDEPENDENT_EXACT_SUPPORT			0	MAPPING_OR_ANNOTATION_FAILURE	Retired	do not advance; retain as contradictory or failed candidate
gene	LITCHI021650	DISCOVERED	1.51730692249576	0.0344028685172605	FAIL	unsupported	PRJNA450886	primary_24h	PASS	UNANNOTATED	unannotated protein	NOT_TESTABLE_REFERENCE_ABSENT	NO_GENE_ATTRIBUTABLE_TRANSPORTED_MOTIF		NO_INDEPENDENT_EXACT_SUPPORT			0	NONE	Exploratory	discovery-layer result only; no validation claim
gene	LITCHI021828	DISCOVERED	-0.87216298559225	0.0129022055145959	FAIL	partial	PRJNA450886	primary_24h	PASS	UNANNOTATED	unannotated protein	NOT_TESTABLE_REFERENCE_ABSENT	NO_GENE_ATTRIBUTABLE_TRANSPORTED_MOTIF		NO_INDEPENDENT_EXACT_SUPPORT			0	NONE	Exploratory	discovery-layer result only; no validation claim
gene	LITCHI021860	DISCOVERED	-0.652689384570268	0.0316462326146919	FAIL	contradictory	PRJNA450886	primary_24h	PASS	FAMILY_LEVEL_FUNCTION	Phosphatidylinositol 4-kinase gamma 2	NOT_TESTABLE_REFERENCE_ABSENT	NO_GENE_ATTRIBUTABLE_TRANSPORTED_MOTIF		NO_INDEPENDENT_EXACT_SUPPORT			0	CONTRADICTORY_EXTERNAL_DIRECTION	Retired	do not advance; retain as contradictory or failed candidate
gene	LITCHI021914	DISCOVERED	-0.794019395701095	0.00727336119782237	FAIL	partial	PRJNA450886	primary_24h	PASS	FAMILY_LEVEL_FUNCTION	Dof zinc finger protein DOF4.6	NOT_TESTABLE_REFERENCE_ABSENT	NO_GENE_ATTRIBUTABLE_TRANSPORTED_MOTIF		NO_INDEPENDENT_EXACT_SUPPORT			0	NONE	Exploratory	discovery-layer result only; no validation claim
gene	LITCHI022018	DISCOVERED	1.63238451721972	0.0399031315742185	FAIL	unsupported	PRJNA450886	primary_24h	PASS	UNANNOTATED	Probable membrane-associated kinase regulator 2	NOT_TESTABLE_REFERENCE_ABSENT	NO_GENE_ATTRIBUTABLE_TRANSPORTED_MOTIF		NO_INDEPENDENT_EXACT_SUPPORT			0	NONE	Exploratory	discovery-layer result only; no validation claim
gene	LITCHI022605	DISCOVERED	0.744942891873029	0.000291548606930528	PASS	partial	PRJNA450886	primary_24h	PASS	FAMILY_LEVEL_FUNCTION	Ribonuclease J	NOT_TESTABLE_REFERENCE_ABSENT	NO_GENE_ATTRIBUTABLE_TRANSPORTED_MOTIF		NO_INDEPENDENT_EXACT_SUPPORT			0	NONE	Tier B	robust discovery with partial or non-testable external evidence
gene	LITCHI022640	RETIRED_GENE_MODEL_AMBIGUITY	2.64151883363074	0.0134135175408401	NOT_APPLICABLE	not_testable	PRJNA450886	primary_24h	FAIL	NOT_APPLICABLE		NOT_TESTABLE_REFERENCE_ABSENT	NO_GENE_ATTRIBUTABLE_TRANSPORTED_MOTIF		NO_INDEPENDENT_EXACT_SUPPORT			0	MAPPING_OR_ANNOTATION_FAILURE	Retired	do not advance; retain as contradictory or failed candidate
gene	LITCHI022789	DISCOVERED	1.27403475292407	0.0316462326146919	FAIL	partial	PRJNA450886	primary_24h	PASS	FAMILY_LEVEL_FUNCTION	Peroxisome biogenesis protein 19-2	NOT_TESTABLE_REFERENCE_ABSENT	NO_GENE_ATTRIBUTABLE_TRANSPORTED_MOTIF		NO_INDEPENDENT_EXACT_SUPPORT			0	NONE	Exploratory	discovery-layer result only; no validation claim
gene	LITCHI022817	DISCOVERED	1.02582847907163	0.00537963195435942	FAIL	not_testable	PRJNA450886	primary_24h	PASS	FAMILY_LEVEL_FUNCTION	Adenine phosphoribosyltransferase 3	NOT_TESTABLE_REFERENCE_ABSENT	NO_GENE_ATTRIBUTABLE_TRANSPORTED_MOTIF		NO_INDEPENDENT_EXACT_SUPPORT			0	NONE	Exploratory	discovery-layer result only; no validation claim
gene	LITCHI023078	DISCOVERED	-2.33502259632456	0.029974437210403	FAIL	not_testable	PRJNA450886	primary_24h	PASS	FAMILY_LEVEL_FUNCTION	Beta-amyrin synthase	NOT_TESTABLE_REFERENCE_ABSENT	NO_GENE_ATTRIBUTABLE_TRANSPORTED_MOTIF		NO_INDEPENDENT_EXACT_SUPPORT			0	NONE	Exploratory	discovery-layer result only; no validation claim
gene	LITCHI023108	DISCOVERED	1.2004305898851	0.000924526440224526	FAIL	partial	PRJNA450886	primary_24h	PASS	FAMILY_LEVEL_FUNCTION	Beta-glucosidase 44	NOT_TESTABLE_REFERENCE_ABSENT	NO_GENE_ATTRIBUTABLE_TRANSPORTED_MOTIF		NO_INDEPENDENT_EXACT_SUPPORT			0	NONE	Exploratory	discovery-layer result only; no validation claim
gene	LITCHI023124	DISCOVERED	2.54975817056461	0.00235540979476043	FAIL	unsupported	PRJNA450886	primary_24h	PASS	UNANNOTATED	Protein DETOXIFICATION 16	NOT_TESTABLE_REFERENCE_ABSENT	NO_GENE_ATTRIBUTABLE_TRANSPORTED_MOTIF		NO_INDEPENDENT_EXACT_SUPPORT			0	NONE	Exploratory	discovery-layer result only; no validation claim
gene	LITCHI023129	DISCOVERED	0.887765046512915	0.0445011626745455	FAIL	partial	PRJNA450886	primary_24h	PASS	FAMILY_LEVEL_FUNCTION	DExH-box ATP-dependent RNA helicase DExH3	NOT_TESTABLE_REFERENCE_ABSENT	NO_GENE_ATTRIBUTABLE_TRANSPORTED_MOTIF		NO_INDEPENDENT_EXACT_SUPPORT			0	NONE	Exploratory	discovery-layer result only; no validation claim
gene	LITCHI023296	DISCOVERED	-1.28183078401472	0.00277921373688048	FAIL	unsupported	PRJNA450886	primary_24h	PASS	FAMILY_LEVEL_FUNCTION	UDP-glycosyltransferase 89B2	NOT_TESTABLE_REFERENCE_ABSENT	NO_GENE_ATTRIBUTABLE_TRANSPORTED_MOTIF		NO_INDEPENDENT_EXACT_SUPPORT			0	NONE	Exploratory	discovery-layer result only; no validation claim
gene	LITCHI023325	RETIRED_GENE_MODEL_AMBIGUITY	-1.42074101136407	0.0106625384470729	NOT_APPLICABLE	not_testable	PRJNA450886	primary_24h	FAIL	NOT_APPLICABLE		NOT_TESTABLE_REFERENCE_ABSENT	NO_GENE_ATTRIBUTABLE_TRANSPORTED_MOTIF		NO_INDEPENDENT_EXACT_SUPPORT			0	MAPPING_OR_ANNOTATION_FAILURE	Retired	do not advance; retain as contradictory or failed candidate
gene	LITCHI023464	DISCOVERED	2.36454357605204	0.0316462326146919	FAIL	partial	PRJNA450886	primary_24h	PASS	FAMILY_LEVEL_FUNCTION	Thioredoxin-like 1-2, chloroplastic	NOT_TESTABLE_REFERENCE_ABSENT	NO_GENE_ATTRIBUTABLE_TRANSPORTED_MOTIF		NO_INDEPENDENT_EXACT_SUPPORT			0	NONE	Exploratory	discovery-layer result only; no validation claim
gene	LITCHI023626	DISCOVERED	-1.40847760833401	5.3720254067952e-07	FAIL	partial	PRJNA450886	primary_24h	PASS	UNANNOTATED	unannotated protein	NOT_TESTABLE_REFERENCE_ABSENT	NO_GENE_ATTRIBUTABLE_TRANSPORTED_MOTIF		NO_INDEPENDENT_EXACT_SUPPORT			0	MAPPING_OR_ANNOTATION_FAILURE	Retired	do not advance; retain as contradictory or failed candidate
gene	LITCHI024578	DISCOVERED	-2.70143238765074	0.0020905206019595	FAIL	partial	PRJNA450886	primary_24h	PASS	FAMILY_LEVEL_FUNCTION	Zinc finger protein ZAT5	NOT_TESTABLE_REFERENCE_ABSENT	NO_GENE_ATTRIBUTABLE_TRANSPORTED_MOTIF		NO_INDEPENDENT_EXACT_SUPPORT			0	NONE	Exploratory	discovery-layer result only; no validation claim
gene	LITCHI024633	RETIRED_GENE_MODEL_AMBIGUITY	1.17494228824933	0.00537963195435942	NOT_APPLICABLE	not_testable	PRJNA450886	primary_24h	FAIL	NOT_APPLICABLE		NOT_TESTABLE_REFERENCE_ABSENT	NO_GENE_ATTRIBUTABLE_TRANSPORTED_MOTIF		NO_INDEPENDENT_EXACT_SUPPORT			0	MAPPING_OR_ANNOTATION_FAILURE	Retired	do not advance; retain as contradictory or failed candidate
gene	LITCHI024820	DISCOVERED	1.9919935225984	0.0245865363809489	FAIL	partial	PRJNA450886	primary_24h	PASS	FAMILY_LEVEL_FUNCTION	3-ketoacyl-CoA synthase 12	NOT_TESTABLE_REFERENCE_ABSENT	NO_GENE_ATTRIBUTABLE_TRANSPORTED_MOTIF		NO_INDEPENDENT_EXACT_SUPPORT			0	NONE	Exploratory	discovery-layer result only; no validation claim
gene	LITCHI025047	DISCOVERED	1.27862217879166	0.0422463167230025	FAIL	unsupported	PRJNA450886	primary_24h	PASS	FAMILY_LEVEL_FUNCTION	family of Oryza ortholog Q10NL7	NOT_TESTABLE_REFERENCE_ABSENT	NO_GENE_ATTRIBUTABLE_TRANSPORTED_MOTIF		NO_INDEPENDENT_EXACT_SUPPORT			0	NONE	Exploratory	discovery-layer result only; no validation claim
gene	LITCHI025204	DISCOVERED	2.85870852391512	3.54928996014056e-06	PASS	unsupported	PRJNA450886	primary_24h	PASS	UNANNOTATED	unannotated protein	NOT_TESTABLE_REFERENCE_ABSENT	NO_GENE_ATTRIBUTABLE_TRANSPORTED_MOTIF		NO_INDEPENDENT_EXACT_SUPPORT			0	NONE	Exploratory	discovery-layer result only; no validation claim
gene	LITCHI025238	DISCOVERED	-1.36203951160081	0.00617712054837334	FAIL	partial	PRJNA450886	primary_24h	PASS	FAMILY_LEVEL_FUNCTION	Beta-amyrin synthase	NOT_TESTABLE_REFERENCE_ABSENT	NO_GENE_ATTRIBUTABLE_TRANSPORTED_MOTIF		NO_INDEPENDENT_EXACT_SUPPORT			0	NONE	Exploratory	discovery-layer result only; no validation claim
gene	LITCHI025608	DISCOVERED	-1.09304877967237	0.00127886488498145	FAIL	partial	PRJNA450886	primary_24h	PASS	UNANNOTATED	unannotated protein	NOT_TESTABLE_REFERENCE_ABSENT	NO_GENE_ATTRIBUTABLE_TRANSPORTED_MOTIF		NO_INDEPENDENT_EXACT_SUPPORT			0	NONE	Exploratory	discovery-layer result only; no validation claim
gene	LITCHI025819	DISCOVERED	-1.180436171034	0.0106625384470729	FAIL	partial	PRJNA450886	primary_24h	PASS	UNANNOTATED	unannotated protein	NOT_TESTABLE_REFERENCE_ABSENT	NO_GENE_ATTRIBUTABLE_TRANSPORTED_MOTIF		NO_INDEPENDENT_EXACT_SUPPORT			0	NONE	Exploratory	discovery-layer result only; no validation claim
gene	LITCHI025853	RETIRED_GENE_MODEL_AMBIGUITY	-0.734048281052748	0.0129022055145959	NOT_APPLICABLE	not_testable	PRJNA450886	primary_24h	FAIL	NOT_APPLICABLE		NOT_TESTABLE_REFERENCE_ABSENT	NO_GENE_ATTRIBUTABLE_TRANSPORTED_MOTIF		NO_INDEPENDENT_EXACT_SUPPORT			0	MAPPING_OR_ANNOTATION_FAILURE	Retired	do not advance; retain as contradictory or failed candidate
gene	LITCHI025875	DISCOVERED	2.47578590652985	0.00409053793462822	FAIL	unsupported	PRJNA450886	primary_24h	PASS	FAMILY_LEVEL_FUNCTION	Protein SULFUR DEFICIENCY-INDUCED 1	NOT_TESTABLE_REFERENCE_ABSENT	NO_GENE_ATTRIBUTABLE_TRANSPORTED_MOTIF		NO_INDEPENDENT_EXACT_SUPPORT			0	NONE	Exploratory	discovery-layer result only; no validation claim
gene	LITCHI026128	DISCOVERED	-1.37410098340452	0.0480631480655992	FAIL	unsupported	PRJNA450886	primary_24h	PASS	FAMILY_LEVEL_FUNCTION	Auxin-induced protein 22D	NOT_TESTABLE_REFERENCE_ABSENT	NO_GENE_ATTRIBUTABLE_TRANSPORTED_MOTIF		NO_INDEPENDENT_EXACT_SUPPORT			0	NONE	Exploratory	discovery-layer result only; no validation claim
gene	LITCHI026129	DISCOVERED	1.44767864959702	0.00537963195435942	FAIL	unsupported	PRJNA450886	primary_24h	PASS	FAMILY_LEVEL_FUNCTION	Protein OSB1, mitochondrial	NOT_TESTABLE_REFERENCE_ABSENT	NO_GENE_ATTRIBUTABLE_TRANSPORTED_MOTIF		NO_INDEPENDENT_EXACT_SUPPORT			0	NONE	Exploratory	discovery-layer result only; no validation claim
gene	LITCHI026181	DISCOVERED	-0.916849109844451	0.0043956751501126	FAIL	unsupported	PRJNA450886	primary_24h	PASS	FAMILY_LEVEL_FUNCTION	Methylcrotonoyl-CoA carboxylase subunit alpha, mitochondrial	NOT_TESTABLE_REFERENCE_ABSENT	NO_GENE_ATTRIBUTABLE_TRANSPORTED_MOTIF		NO_INDEPENDENT_EXACT_SUPPORT			0	NONE	Exploratory	discovery-layer result only; no validation claim
gene	LITCHI026893	RETIRED_GENE_MODEL_AMBIGUITY	1.0270078093291	0.013283710325449	NOT_APPLICABLE	not_testable	PRJNA450886	primary_24h	FAIL	NOT_APPLICABLE		NOT_TESTABLE_REFERENCE_ABSENT	NO_GENE_ATTRIBUTABLE_TRANSPORTED_MOTIF		NO_INDEPENDENT_EXACT_SUPPORT			0	MAPPING_OR_ANNOTATION_FAILURE	Retired	do not advance; retain as contradictory or failed candidate
gene	LITCHI026900	DISCOVERED	1.05444528370577	0.00649100319243502	FAIL	unsupported	PRJNA450886	primary_24h	PASS	FAMILY_LEVEL_FUNCTION	Protein WHAT'S THIS FACTOR 1 homolog, chloroplastic	NOT_TESTABLE_REFERENCE_ABSENT	NO_GENE_ATTRIBUTABLE_TRANSPORTED_MOTIF		NO_INDEPENDENT_EXACT_SUPPORT			0	NONE	Exploratory	discovery-layer result only; no validation claim
gene	LITCHI027034	DISCOVERED	0.815071820040122	0.0418331787983868	FAIL	partial	PRJNA450886	primary_24h	PASS	UNANNOTATED	unannotated protein	NOT_TESTABLE_REFERENCE_ABSENT	NO_GENE_ATTRIBUTABLE_TRANSPORTED_MOTIF		NO_INDEPENDENT_EXACT_SUPPORT			0	NONE	Exploratory	discovery-layer result only; no validation claim
gene	LITCHI027135	DISCOVERED	-1.05820066585026	0.017162174612666	FAIL	not_testable	PRJNA450886	primary_24h	PASS	FAMILY_LEVEL_FUNCTION	GDSL esterase/lipase At5g03610	NOT_TESTABLE_REFERENCE_ABSENT	NO_GENE_ATTRIBUTABLE_TRANSPORTED_MOTIF		NO_INDEPENDENT_EXACT_SUPPORT			0	NONE	Exploratory	discovery-layer result only; no validation claim
gene	LITCHI027173	DISCOVERED	-2.75525454245333	0.0402714398320017	FAIL	unsupported	PRJNA450886	primary_24h	PASS	FAMILY_LEVEL_FUNCTION	Glucomannan 4-beta-mannosyltransferase 9	NOT_TESTABLE_REFERENCE_ABSENT	NO_GENE_ATTRIBUTABLE_TRANSPORTED_MOTIF		NO_INDEPENDENT_EXACT_SUPPORT			0	NONE	Exploratory	discovery-layer result only; no validation claim
gene	LITCHI027341	DISCOVERED	-1.78477134217729	0.0489019238502396	FAIL	unsupported	PRJNA450886	primary_24h	PASS	UNANNOTATED	unannotated protein	NOT_TESTABLE_REFERENCE_ABSENT	NO_GENE_ATTRIBUTABLE_TRANSPORTED_MOTIF		NO_INDEPENDENT_EXACT_SUPPORT			0	NONE	Exploratory	discovery-layer result only; no validation claim
gene	LITCHI027423	DISCOVERED	2.84018792838925	0.0461439679819691	FAIL	partial	PRJNA450886	primary_24h	PASS	FAMILY_LEVEL_FUNCTION	Amino acid transporter AVT6C	NOT_TESTABLE_REFERENCE_ABSENT	NO_GENE_ATTRIBUTABLE_TRANSPORTED_MOTIF		NO_INDEPENDENT_EXACT_SUPPORT			0	NONE	Exploratory	discovery-layer result only; no validation claim
gene	LITCHI027558	RETIRED_MAPPING_FAILURE	1.17996099275583	0.00617712054837334	NOT_APPLICABLE	not_testable	PRJNA450886	primary_24h	FAIL	NOT_APPLICABLE		NOT_TESTABLE_REFERENCE_ABSENT	NO_GENE_ATTRIBUTABLE_TRANSPORTED_MOTIF		NO_INDEPENDENT_EXACT_SUPPORT			0	MAPPING_OR_ANNOTATION_FAILURE	Retired	do not advance; retain as contradictory or failed candidate
gene	LITCHI027669	DISCOVERED	-1.1700691646389	0.0127348877162897	FAIL	partial	PRJNA450886	primary_24h	PASS	FAMILY_LEVEL_FUNCTION	Telomere repeat-binding protein 3	NOT_TESTABLE_REFERENCE_ABSENT	NO_GENE_ATTRIBUTABLE_TRANSPORTED_MOTIF		NO_INDEPENDENT_EXACT_SUPPORT			0	NONE	Exploratory	discovery-layer result only; no validation claim
gene	LITCHI027763	DISCOVERED	-1.31900810871656	0.0180957507647159	FAIL	partial	PRJNA450886	primary_24h	PASS	UNANNOTATED	unannotated protein	NOT_TESTABLE_REFERENCE_ABSENT	NO_GENE_ATTRIBUTABLE_TRANSPORTED_MOTIF		NO_INDEPENDENT_EXACT_SUPPORT			0	NONE	Exploratory	discovery-layer result only; no validation claim
gene	LITCHI027783	DISCOVERED	0.666614824234021	0.0477449693859909	FAIL	unsupported	PRJNA450886	primary_24h	PASS	FAMILY_LEVEL_FUNCTION	Phragmoplastin interacting protein 1	NOT_TESTABLE_REFERENCE_ABSENT	NO_GENE_ATTRIBUTABLE_TRANSPORTED_MOTIF		NO_INDEPENDENT_EXACT_SUPPORT			0	NONE	Exploratory	discovery-layer result only; no validation claim
gene	LITCHI028081	DISCOVERED	0.72960609595432	0.0237799610235217	FAIL	partial	PRJNA450886	primary_24h	PASS	FAMILY_LEVEL_FUNCTION	Heme A synthase COX15	NOT_TESTABLE_REFERENCE_ABSENT	NO_GENE_ATTRIBUTABLE_TRANSPORTED_MOTIF		NO_INDEPENDENT_EXACT_SUPPORT			0	NONE	Exploratory	discovery-layer result only; no validation claim
gene	LITCHI028340	DISCOVERED	0.855400255500143	0.0254833839226817	FAIL	partial	PRJNA450886	primary_24h	PASS	FAMILY_LEVEL_FUNCTION	Large ribosomal subunit protein bL12	NOT_TESTABLE_REFERENCE_ABSENT	NO_GENE_ATTRIBUTABLE_TRANSPORTED_MOTIF		NO_INDEPENDENT_EXACT_SUPPORT			0	NONE	Exploratory	discovery-layer result only; no validation claim
gene	LITCHI028428	DISCOVERED	1.38959554514111	0.0226131345205089	FAIL	partial	PRJNA450886	primary_24h	PASS	FAMILY_LEVEL_FUNCTION	GTP-binding protein ERG	NOT_TESTABLE_REFERENCE_ABSENT	NO_GENE_ATTRIBUTABLE_TRANSPORTED_MOTIF		NO_INDEPENDENT_EXACT_SUPPORT			0	NONE	Exploratory	discovery-layer result only; no validation claim
gene	LITCHI028584	DISCOVERED	-0.670279437700654	0.0281835203349208	FAIL	unsupported	PRJNA450886	primary_24h	PASS	FAMILY_LEVEL_FUNCTION	UDP-arabinose 4-epimerase 1	NOT_TESTABLE_REFERENCE_ABSENT	NO_GENE_ATTRIBUTABLE_TRANSPORTED_MOTIF		NO_INDEPENDENT_EXACT_SUPPORT			0	NONE	Exploratory	discovery-layer result only; no validation claim
gene	LITCHI028716	DISCOVERED	0.992473409466396	0.029974437210403	FAIL	unsupported	PRJNA450886	primary_24h	PASS	UNANNOTATED	Protein BREAST CANCER SUSCEPTIBILITY 1 homolog	NOT_TESTABLE_REFERENCE_ABSENT	NO_GENE_ATTRIBUTABLE_TRANSPORTED_MOTIF		NO_INDEPENDENT_EXACT_SUPPORT			0	NONE	Exploratory	discovery-layer result only; no validation claim
gene	LITCHI028717	DISCOVERED	-0.907362306726487	1.8218963424227e-05	PASS	partial	PRJNA450886	primary_24h	PASS	FAMILY_LEVEL_FUNCTION	BAG family molecular chaperone regulator 4	NOT_TESTABLE_REFERENCE_ABSENT	NO_GENE_ATTRIBUTABLE_TRANSPORTED_MOTIF		NO_INDEPENDENT_EXACT_SUPPORT			0	NONE	Tier B	robust discovery with partial or non-testable external evidence
gene	LITCHI028799	DISCOVERED	-1.88299748759307	0.00361308750335099	FAIL	unsupported	PRJNA450886	primary_24h	PASS	FAMILY_LEVEL_FUNCTION	VQ motif-containing protein 10	NOT_TESTABLE_REFERENCE_ABSENT	NO_GENE_ATTRIBUTABLE_TRANSPORTED_MOTIF		NO_INDEPENDENT_EXACT_SUPPORT			0	NONE	Exploratory	discovery-layer result only; no validation claim
gene	LITCHI028829	RETIRED_MAPPING_FAILURE	-1.97184846904246	0.00789023856493245	NOT_APPLICABLE	not_testable	PRJNA450886	primary_24h	FAIL	NOT_APPLICABLE		NOT_TESTABLE_REFERENCE_ABSENT	NO_GENE_ATTRIBUTABLE_TRANSPORTED_MOTIF		NO_INDEPENDENT_EXACT_SUPPORT			0	MAPPING_OR_ANNOTATION_FAILURE	Retired	do not advance; retain as contradictory or failed candidate
gene	LITCHI028926	DISCOVERED	1.90078618581322	5.72406619395087e-05	PASS	partial	PRJNA450886	primary_24h	PASS	FAMILY_LEVEL_FUNCTION	Exonuclease 1	NOT_TESTABLE_REFERENCE_ABSENT	NO_GENE_ATTRIBUTABLE_TRANSPORTED_MOTIF		NO_INDEPENDENT_EXACT_SUPPORT			0	NONE	Tier B	robust discovery with partial or non-testable external evidence
gene	LITCHI028928	DISCOVERED	0.996114849840184	0.00133200908602764	FAIL	unsupported	PRJNA450886	primary_24h	PASS	FAMILY_LEVEL_FUNCTION	Pentatricopeptide repeat-containing protein At4g18975, chloroplastic	NOT_TESTABLE_REFERENCE_ABSENT	NO_GENE_ATTRIBUTABLE_TRANSPORTED_MOTIF		NO_INDEPENDENT_EXACT_SUPPORT			0	NONE	Exploratory	discovery-layer result only; no validation claim
gene	LITCHI029020	DISCOVERED	-0.704909390242629	0.0388904992701055	FAIL	unsupported	PRJNA450886	primary_24h	PASS	FAMILY_LEVEL_FUNCTION	CBL-interacting serine/threonine-protein kinase 12	NOT_TESTABLE_REFERENCE_ABSENT	NO_GENE_ATTRIBUTABLE_TRANSPORTED_MOTIF		NO_INDEPENDENT_EXACT_SUPPORT			0	NONE	Exploratory	discovery-layer result only; no validation claim
gene	LITCHI029021	DISCOVERED	-1.04867717991123	0.0348588277657599	FAIL	not_testable	PRJNA450886	primary_24h	PASS	FAMILY_LEVEL_FUNCTION	CBL-interacting serine/threonine-protein kinase 20	NOT_TESTABLE_REFERENCE_ABSENT	NO_GENE_ATTRIBUTABLE_TRANSPORTED_MOTIF		NO_INDEPENDENT_EXACT_SUPPORT			0	NONE	Exploratory	discovery-layer result only; no validation claim
gene	LITCHI029066	DISCOVERED	-1.73638501526778	0.00985537135712735	FAIL	unsupported	PRJNA450886	primary_24h	PASS	FAMILY_LEVEL_FUNCTION	Protein trichome birefringence-like 37	NOT_TESTABLE_REFERENCE_ABSENT	NO_GENE_ATTRIBUTABLE_TRANSPORTED_MOTIF		NO_INDEPENDENT_EXACT_SUPPORT			0	NONE	Exploratory	discovery-layer result only; no validation claim
gene	LITCHI029373	DISCOVERED	-0.761291752666979	0.000608633059705247	FAIL	partial	PRJNA450886	primary_24h	PASS	FAMILY_LEVEL_FUNCTION	Transcription factor bHLH112	NOT_TESTABLE_REFERENCE_ABSENT	NO_GENE_ATTRIBUTABLE_TRANSPORTED_MOTIF		NO_INDEPENDENT_EXACT_SUPPORT			0	NONE	Exploratory	discovery-layer result only; no validation claim
gene	LITCHI029443	DISCOVERED	-6.13477361654741	0.0129147884732084	FAIL	partial	PRJNA450886	primary_24h	PASS	FAMILY_LEVEL_FUNCTION	Putative cysteine-rich receptor-like protein kinase At4g11521	NOT_TESTABLE_REFERENCE_ABSENT	NO_GENE_ATTRIBUTABLE_TRANSPORTED_MOTIF		NO_INDEPENDENT_EXACT_SUPPORT			0	NONE	Exploratory	discovery-layer result only; no validation claim
gene	LITCHI029455	RETIRED_GENE_MODEL_AMBIGUITY	-1.78037134571311	7.86851905355691e-11	NOT_APPLICABLE	not_testable	PRJNA450886	primary_24h	FAIL	NOT_APPLICABLE		NOT_TESTABLE_REFERENCE_ABSENT	NO_GENE_ATTRIBUTABLE_TRANSPORTED_MOTIF		NO_INDEPENDENT_EXACT_SUPPORT			0	MAPPING_OR_ANNOTATION_FAILURE	Retired	do not advance; retain as contradictory or failed candidate
gene	LITCHI029495	DISCOVERED	-5.65907469563451	0.00660260533646317	FAIL	unsupported	PRJNA450886	primary_24h	PASS	FAMILY_LEVEL_FUNCTION	Putative cysteine-rich receptor-like protein kinase 9	NOT_TESTABLE_REFERENCE_ABSENT	NO_GENE_ATTRIBUTABLE_TRANSPORTED_MOTIF		NO_INDEPENDENT_EXACT_SUPPORT			0	NONE	Exploratory	discovery-layer result only; no validation claim
gene	LITCHI029534	DISCOVERED	1.47658737766418	0.00237829105595826	FAIL	contradictory	PRJNA450886	primary_24h	PASS	FAMILY_LEVEL_FUNCTION	Thiamine thiazole synthase 2, chloroplastic	NOT_TESTABLE_REFERENCE_ABSENT	NO_GENE_ATTRIBUTABLE_TRANSPORTED_MOTIF		NO_INDEPENDENT_EXACT_SUPPORT			0	CONTRADICTORY_EXTERNAL_DIRECTION	Retired	do not advance; retain as contradictory or failed candidate
gene	LITCHI029642	RETIRED_GENE_MODEL_AMBIGUITY	1.56693704690943	1.81449106332462e-06	NOT_APPLICABLE	not_testable	PRJNA450886	primary_24h	FAIL	NOT_APPLICABLE		NOT_TESTABLE_REFERENCE_ABSENT	NO_GENE_ATTRIBUTABLE_TRANSPORTED_MOTIF		NO_INDEPENDENT_EXACT_SUPPORT			0	MAPPING_OR_ANNOTATION_FAILURE	Retired	do not advance; retain as contradictory or failed candidate
gene	LITCHI029667	DISCOVERED	-2.45463725882432	0.0132931244960457	FAIL	not_testable	PRJNA450886	primary_24h	PASS	UNANNOTATED	unannotated protein	NOT_TESTABLE_REFERENCE_ABSENT	NO_GENE_ATTRIBUTABLE_TRANSPORTED_MOTIF		NO_INDEPENDENT_EXACT_SUPPORT			0	NONE	Exploratory	discovery-layer result only; no validation claim
gene	LITCHI029701	RETIRED_MAPPING_FAILURE	4.61790572833768	0.0106625384470729	NOT_APPLICABLE	not_testable	PRJNA450886	primary_24h	FAIL	NOT_APPLICABLE		NOT_TESTABLE_REFERENCE_ABSENT	NO_GENE_ATTRIBUTABLE_TRANSPORTED_MOTIF		NO_INDEPENDENT_EXACT_SUPPORT			0	MAPPING_OR_ANNOTATION_FAILURE	Retired	do not advance; retain as contradictory or failed candidate
gene	LITCHI029789	DISCOVERED	-0.702223969804124	0.0290162118143486	FAIL	partial	PRJNA450886	primary_24h	PASS	UNANNOTATED	unannotated protein	NOT_TESTABLE_REFERENCE_ABSENT	NO_GENE_ATTRIBUTABLE_TRANSPORTED_MOTIF		NO_INDEPENDENT_EXACT_SUPPORT			0	NONE	Exploratory	discovery-layer result only; no validation claim
gene	LITCHI029848	RETIRED_GENE_MODEL_AMBIGUITY	2.22519561731239	0.0448910819251059	NOT_APPLICABLE	not_testable	PRJNA450886	primary_24h	FAIL	NOT_APPLICABLE		NOT_TESTABLE_REFERENCE_ABSENT	NO_GENE_ATTRIBUTABLE_TRANSPORTED_MOTIF		NO_INDEPENDENT_EXACT_SUPPORT			0	MAPPING_OR_ANNOTATION_FAILURE	Retired	do not advance; retain as contradictory or failed candidate
gene	LITCHI030155	RETIRED_GENE_MODEL_AMBIGUITY	-0.697298564372492	0.0156670102266508	NOT_APPLICABLE	not_testable	PRJNA450886	primary_24h	FAIL	NOT_APPLICABLE		NOT_TESTABLE_REFERENCE_ABSENT	NO_GENE_ATTRIBUTABLE_TRANSPORTED_MOTIF		NO_INDEPENDENT_EXACT_SUPPORT			0	MAPPING_OR_ANNOTATION_FAILURE	Retired	do not advance; retain as contradictory or failed candidate
gene	LITCHI030216	DISCOVERED	1.11016595345081	0.00985441008076491	FAIL	unsupported	PRJNA450886	primary_24h	PASS	FAMILY_LEVEL_FUNCTION	Subtilisin-like protease SBT1.4	NOT_TESTABLE_REFERENCE_ABSENT	NO_GENE_ATTRIBUTABLE_TRANSPORTED_MOTIF		NO_INDEPENDENT_EXACT_SUPPORT			0	NONE	Exploratory	discovery-layer result only; no validation claim
gene	LITCHI030334	DISCOVERED	-3.63502003196055	0.0246370068041364	FAIL	not_testable	PRJNA450886	primary_24h	PASS	FAMILY_LEVEL_FUNCTION	Respiratory burst oxidase homolog protein D	NOT_TESTABLE_REFERENCE_ABSENT	NO_GENE_ATTRIBUTABLE_TRANSPORTED_MOTIF		NO_INDEPENDENT_EXACT_SUPPORT			0	NONE	Exploratory	discovery-layer result only; no validation claim
gene	LITCHI030349	DISCOVERED	-2.96865853282443	0.00404258174463622	PASS	unsupported	PRJNA450886	primary_24h	PASS	FAMILY_LEVEL_FUNCTION	Probable disease resistance RPP8-like protein 2	NOT_TESTABLE_REFERENCE_ABSENT	NO_GENE_ATTRIBUTABLE_TRANSPORTED_MOTIF		NO_INDEPENDENT_EXACT_SUPPORT			0	NONE	Exploratory	discovery-layer result only; no validation claim
gene	LITCHI030441	DISCOVERED	0.598066185040018	0.00161171491783075	FAIL	partial	PRJNA450886	primary_24h	PASS	FAMILY_LEVEL_FUNCTION	Mitochondrial-processing peptidase subunit alpha	NOT_TESTABLE_REFERENCE_ABSENT	NO_GENE_ATTRIBUTABLE_TRANSPORTED_MOTIF		NO_INDEPENDENT_EXACT_SUPPORT			0	NONE	Exploratory	discovery-layer result only; no validation claim
gene	LITCHI030447	RETIRED_MAPPING_FAILURE	-2.70788251739274	0.00789023856493245	NOT_APPLICABLE	not_testable	PRJNA450886	primary_24h	FAIL	NOT_APPLICABLE		NOT_TESTABLE_REFERENCE_ABSENT	NO_GENE_ATTRIBUTABLE_TRANSPORTED_MOTIF		NO_INDEPENDENT_EXACT_SUPPORT			0	MAPPING_OR_ANNOTATION_FAILURE	Retired	do not advance; retain as contradictory or failed candidate
gene	LITCHI030520	DISCOVERED	1.0176252004121	0.00564747294842105	FAIL	partial	PRJNA450886	primary_24h	PASS	FAMILY_LEVEL_FUNCTION	tRNAse Z TRZ4, mitochondrial	NOT_TESTABLE_REFERENCE_ABSENT	NO_GENE_ATTRIBUTABLE_TRANSPORTED_MOTIF		NO_INDEPENDENT_EXACT_SUPPORT			0	NONE	Exploratory	discovery-layer result only; no validation claim
gene	LITCHI030689	DISCOVERED	-1.49712121452028	0.0375223053951341	FAIL	unsupported	PRJNA450886	primary_24h	PASS	UNANNOTATED	unannotated protein	NOT_TESTABLE_REFERENCE_ABSENT	NO_GENE_ATTRIBUTABLE_TRANSPORTED_MOTIF		NO_INDEPENDENT_EXACT_SUPPORT			0	NONE	Exploratory	discovery-layer result only; no validation claim
gene	LITCHI030690	DISCOVERED	-4.03219418715923	0.0368532236530036	FAIL	unsupported	PRJNA450886	primary_24h	PASS	UNANNOTATED	unannotated protein	NOT_TESTABLE_REFERENCE_ABSENT	NO_GENE_ATTRIBUTABLE_TRANSPORTED_MOTIF		NO_INDEPENDENT_EXACT_SUPPORT			0	NONE	Exploratory	discovery-layer result only; no validation claim
gene	LITCHI030745	DISCOVERED	3.65243254800581	0.00404258174463622	FAIL	not_testable	PRJNA450886	primary_24h	PASS	UNANNOTATED	Deoxypodophyllotoxin synthase	NOT_TESTABLE_REFERENCE_ABSENT	NO_GENE_ATTRIBUTABLE_TRANSPORTED_MOTIF		NO_INDEPENDENT_EXACT_SUPPORT			0	NONE	Exploratory	discovery-layer result only; no validation claim
gene	LITCHI030761	DISCOVERED	-0.915015563003086	0.0399031315742185	FAIL	contradictory	PRJNA450886	primary_24h	PASS	FAMILY_LEVEL_FUNCTION	Caffeoylshikimate esterase	NOT_TESTABLE_REFERENCE_ABSENT	NO_GENE_ATTRIBUTABLE_TRANSPORTED_MOTIF		NO_INDEPENDENT_EXACT_SUPPORT			0	CONTRADICTORY_EXTERNAL_DIRECTION	Retired	do not advance; retain as contradictory or failed candidate
gene	LITCHI030763	DISCOVERED	0.76963037086022	0.0322882142056094	FAIL	partial	PRJNA450886	primary_24h	PASS	FAMILY_LEVEL_FUNCTION	Probable disease resistance protein At5g63020	NOT_TESTABLE_REFERENCE_ABSENT	NO_GENE_ATTRIBUTABLE_TRANSPORTED_MOTIF		NO_INDEPENDENT_EXACT_SUPPORT			0	NONE	Exploratory	discovery-layer result only; no validation claim
gene	LITCHI030858	DISCOVERED	-1.0251629884946	0.0420353555776357	FAIL	partial	PRJNA450886	primary_24h	PASS	UNANNOTATED	unannotated protein	NOT_TESTABLE_REFERENCE_ABSENT	NO_GENE_ATTRIBUTABLE_TRANSPORTED_MOTIF		NO_INDEPENDENT_EXACT_SUPPORT			0	NONE	Exploratory	discovery-layer result only; no validation claim
gene	LITCHI030862	DISCOVERED	7.38186016098182	0.0286622782654542	FAIL	unsupported	PRJNA450886	primary_24h	PASS	FAMILY_LEVEL_FUNCTION	26.5 kDa heat shock protein, mitochondrial	NOT_TESTABLE_REFERENCE_ABSENT	NO_GENE_ATTRIBUTABLE_TRANSPORTED_MOTIF		NO_INDEPENDENT_EXACT_SUPPORT			0	NONE	Exploratory	discovery-layer result only; no validation claim
gene	LITCHI030869	DISCOVERED	-2.96746007383302	0.0322882142056094	FAIL	unsupported	PRJNA450886	primary_24h	PASS	FAMILY_LEVEL_FUNCTION	G-type lectin S-receptor-like serine/threonine-protein kinase SD2-5	NOT_TESTABLE_REFERENCE_ABSENT	NO_GENE_ATTRIBUTABLE_TRANSPORTED_MOTIF		NO_INDEPENDENT_EXACT_SUPPORT			0	NONE	Exploratory	discovery-layer result only; no validation claim
gene	LITCHI031005	DISCOVERED	-2.63208593626992	0.0253257166273663	FAIL	not_testable	PRJNA450886	primary_24h	PASS	UNANNOTATED	Cytochrome P450 714C2	NOT_TESTABLE_REFERENCE_ABSENT	NO_GENE_ATTRIBUTABLE_TRANSPORTED_MOTIF		NO_INDEPENDENT_EXACT_SUPPORT			0	NONE	Exploratory	discovery-layer result only; no validation claim
gene	LITCHI031010	DISCOVERED	-1.99719086698081	0.0010156123433396	FAIL	not_testable	PRJNA450886	primary_24h	PASS	FAMILY_LEVEL_FUNCTION	E3 ubiquitin-protein ligase RNFT2	NOT_TESTABLE_REFERENCE_ABSENT	NO_GENE_ATTRIBUTABLE_TRANSPORTED_MOTIF		NO_INDEPENDENT_EXACT_SUPPORT			0	NONE	Exploratory	discovery-layer result only; no validation claim
gene	LITCHI031097	DISCOVERED	-0.738820690518999	0.00657946825785566	FAIL	partial	PRJNA450886	primary_24h	PASS	FAMILY_LEVEL_FUNCTION	CBL-interacting serine/threonine-protein kinase 11	NOT_TESTABLE_REFERENCE_ABSENT	NO_GENE_ATTRIBUTABLE_TRANSPORTED_MOTIF		NO_INDEPENDENT_EXACT_SUPPORT			0	NONE	Exploratory	discovery-layer result only; no validation claim
gene	LITCHI031200	DISCOVERED	-2.00322323132095	0.0214889436930011	FAIL	partial	PRJNA450886	primary_24h	PASS	UNANNOTATED	unannotated protein	NOT_TESTABLE_REFERENCE_ABSENT	NO_GENE_ATTRIBUTABLE_TRANSPORTED_MOTIF		NO_INDEPENDENT_EXACT_SUPPORT			0	NONE	Exploratory	discovery-layer result only; no validation claim
gene	LITCHI031372	DISCOVERED	-0.887401731293767	0.0470549642911606	FAIL	partial	PRJNA450886	primary_24h	PASS	FAMILY_LEVEL_FUNCTION	Beta-glucuronosyltransferase GlcAT14A	NOT_TESTABLE_REFERENCE_ABSENT	NO_GENE_ATTRIBUTABLE_TRANSPORTED_MOTIF		NO_INDEPENDENT_EXACT_SUPPORT			0	NONE	Exploratory	discovery-layer result only; no validation claim
gene	LITCHI031448	DISCOVERED	5.0400074040038	0.0207025498617949	FAIL	partial	PRJNA450886	primary_24h	PASS	FAMILY_LEVEL_FUNCTION	Tirucalla-7,24-dien-3beta-ol synthase OSC2	NOT_TESTABLE_REFERENCE_ABSENT	NO_GENE_ATTRIBUTABLE_TRANSPORTED_MOTIF		NO_INDEPENDENT_EXACT_SUPPORT			0	NONE	Exploratory	discovery-layer result only; no validation claim
gene	LITCHI031732	DISCOVERED	0.85872192382025	0.0448910819251059	FAIL	partial	PRJNA450886	primary_24h	PASS	FAMILY_LEVEL_FUNCTION	Pentatricopeptide repeat-containing protein At4g17616	NOT_TESTABLE_REFERENCE_ABSENT	NO_GENE_ATTRIBUTABLE_TRANSPORTED_MOTIF		NO_INDEPENDENT_EXACT_SUPPORT			0	NONE	Exploratory	discovery-layer result only; no validation claim
pathway	R-OSA-6787011.1|Jasmonic acid signaling	FROZEN_PATHWAY	-1.95851667665587	0.00370970743430301	FAIL	unsupported	PRJNA450886	primary_24h	NOT_APPLICABLE	NOT_APPLICABLE	R-OSA-6787011.1|Jasmonic acid signaling	NOT_APPLICABLE	NOT_APPLICABLE		NO_INDEPENDENT_EXACT_SUPPORT			0	NONE	Exploratory	exploratory pathway; no validation claim
pathway	R-OSA-8933811.1|Circadian rhythm	FROZEN_PATHWAY	1.84189518211872	0.0123352957667508	PASS	unsupported	PRJNA450886	primary_24h	NOT_APPLICABLE	NOT_APPLICABLE	R-OSA-8933811.1|Circadian rhythm	NOT_APPLICABLE	NOT_APPLICABLE		NO_INDEPENDENT_EXACT_SUPPORT			0	NONE	Exploratory	exploratory pathway; no validation claim
pathway	R-OSA-9640882.1|Assembly of pre-replication complex	FROZEN_PATHWAY	2.19540409401549	0.000343037185445633	FAIL	unsupported	PRJNA450886	primary_24h	NOT_APPLICABLE	NOT_APPLICABLE	R-OSA-9640882.1|Assembly of pre-replication complex	NOT_APPLICABLE	NOT_APPLICABLE		NO_INDEPENDENT_EXACT_SUPPORT			0	NONE	Exploratory	exploratory pathway; no validation claim
pathway	R-OSA-9645850.1|Activation of pre-replication complex	FROZEN_PATHWAY	2.25147013492664	0.000187870992983749	FAIL	unsupported	PRJNA450886	primary_24h	NOT_APPLICABLE	NOT_APPLICABLE	R-OSA-9645850.1|Activation of pre-replication complex	NOT_APPLICABLE	NOT_APPLICABLE		NO_INDEPENDENT_EXACT_SUPPORT			0	NONE	Exploratory	exploratory pathway; no validation claim
pathway	R-OSA-9675782.1|Maturation	FROZEN_PATHWAY	1.94166413041303	0.00618471404269014	FAIL	not_testable	PRJNA450886	primary_24h	NOT_APPLICABLE	NOT_APPLICABLE	R-OSA-9675782.1|Maturation	NOT_APPLICABLE	NOT_APPLICABLE		NO_INDEPENDENT_EXACT_SUPPORT			0	NONE	Exploratory	exploratory pathway; no validation claim
pathway	R-OSA-9675824.1|DNA replication Initiation	FROZEN_PATHWAY	2.16138557051284	0.000506711343973531	FAIL	unsupported	PRJNA450886	primary_24h	NOT_APPLICABLE	NOT_APPLICABLE	R-OSA-9675824.1|DNA replication Initiation	NOT_APPLICABLE	NOT_APPLICABLE		NO_INDEPENDENT_EXACT_SUPPORT			0	NONE	Exploratory	exploratory pathway; no validation claim
