motif_ID	motif_ALT_ID	motif_P-value	seq_ID	seq_Score	seq_Class	is_holdout?
1-ATAATACAGTG	STREME-1	2.8e-001	LITCHI003742	19.63	tp	0
1-ATAATACAGTG	STREME-1	2.8e-001	LITCHI021546	19.63	tp	0
1-ATAATACAGTG	STREME-1	2.8e-001	LITCHI018142	19.63	fp	0
1-ATAATACAGTG	STREME-1	2.8e-001	LITCHI003295	19.63	fp	0
1-ATAATACAGTG	STREME-1	2.8e-001	LITCHI016373	19.63	fp	0
1-ATAATACAGTG	STREME-1	2.8e-001	LITCHI001879	18.32	tp	0
1-ATAATACAGTG	STREME-1	2.8e-001	LITCHI001129	18.32	tp	0
1-ATAATACAGTG	STREME-1	2.8e-001	LITCHI017535	18.32	fp	0
1-ATAATACAGTG	STREME-1	2.8e-001	LITCHI001497	18.32	fp	0
1-ATAATACAGTG	STREME-1	2.8e-001	LITCHI022817	17.55	tp	0
1-ATAATACAGTG	STREME-1	2.8e-001	LITCHI017744	17.55	fp	0
1-ATAATACAGTG	STREME-1	2.8e-001	LITCHI020716	17.55	fp	0
1-ATAATACAGTG	STREME-1	2.8e-001	LITCHI007360	17.55	fp	0
1-ATAATACAGTG	STREME-1	2.8e-001	LITCHI022958	17.55	fp	0
1-ATAATACAGTG	STREME-1	2.8e-001	LITCHI025745	17.55	fp	0
1-ATAATACAGTG	STREME-1	2.8e-001	LITCHI025838	17.55	fp	1
1-ATAATACAGTG	STREME-1	2.8e-001	LITCHI010325	16.87	tp	0
1-ATAATACAGTG	STREME-1	2.8e-001	LITCHI019096	16.87	fp	0
1-ATAATACAGTG	STREME-1	2.8e-001	LITCHI013255	16.87	fp	0
1-ATAATACAGTG	STREME-1	2.8e-001	LITCHI028586	16.46	fp	0
1-ATAATACAGTG	STREME-1	2.8e-001	LITCHI027147	16.46	fp	0
1-ATAATACAGTG	STREME-1	2.8e-001	LITCHI028584	16.07	tp	0
1-ATAATACAGTG	STREME-1	2.8e-001	LITCHI011270	16.07	fp	0
1-ATAATACAGTG	STREME-1	2.8e-001	LITCHI015523	16.07	fp	0
1-ATAATACAGTG	STREME-1	2.8e-001	LITCHI007763	16.07	fp	0
1-ATAATACAGTG	STREME-1	2.8e-001	LITCHI010776	16.07	fp	0
1-ATAATACAGTG	STREME-1	2.8e-001	LITCHI022960	16.07	fp	0
1-ATAATACAGTG	STREME-1	2.8e-001	LITCHI000888	16.07	fp	0
1-ATAATACAGTG	STREME-1	2.8e-001	LITCHI015702	15.94	tp	0
1-ATAATACAGTG	STREME-1	2.8e-001	LITCHI016721	15.94	fp	0
1-ATAATACAGTG	STREME-1	2.8e-001	LITCHI001665	15.94	fp	0
1-ATAATACAGTG	STREME-1	2.8e-001	LITCHI003426	15.94	fp	0
1-ATAATACAGTG	STREME-1	2.8e-001	LITCHI002633	15.94	fp	0
1-ATAATACAGTG	STREME-1	2.8e-001	LITCHI030969	15.94	fp	1
1-ATAATACAGTG	STREME-1	2.8e-001	LITCHI018563	15.94	fp	1
1-ATAATACAGTG	STREME-1	2.8e-001	LITCHI005008	15.69	tp	0
1-ATAATACAGTG	STREME-1	2.8e-001	LITCHI004371	15.69	fp	0
1-ATAATACAGTG	STREME-1	2.8e-001	LITCHI005512	15.69	fp	0
1-ATAATACAGTG	STREME-1	2.8e-001	LITCHI017148	15.69	fp	0
1-ATAATACAGTG	STREME-1	2.8e-001	LITCHI019968	15.69	fp	0
1-ATAATACAGTG	STREME-1	2.8e-001	LITCHI000168	15.69	fp	1
1-ATAATACAGTG	STREME-1	2.8e-001	LITCHI025998	15.69	fp	1
1-ATAATACAGTG	STREME-1	2.8e-001	LITCHI028750	15.56	fp	0
1-ATAATACAGTG	STREME-1	2.8e-001	LITCHI027712	15.56	fp	0
1-ATAATACAGTG	STREME-1	2.8e-001	LITCHI013379	15.28	tp	0
1-ATAATACAGTG	STREME-1	2.8e-001	LITCHI014480	15.28	tp	0
1-ATAATACAGTG	STREME-1	2.8e-001	LITCHI017862	15.28	tp	0
1-ATAATACAGTG	STREME-1	2.8e-001	LITCHI003753	15.28	fp	0
1-ATAATACAGTG	STREME-1	2.8e-001	LITCHI022596	15.28	fp	0
1-ATAATACAGTG	STREME-1	2.8e-001	LITCHI017890	15.28	fp	0
1-ATAATACAGTG	STREME-1	2.8e-001	LITCHI024222	15.28	fp	0
1-ATAATACAGTG	STREME-1	2.8e-001	LITCHI008622	15.28	fp	0
1-ATAATACAGTG	STREME-1	2.8e-001	LITCHI012359	15.28	fp	0
1-ATAATACAGTG	STREME-1	2.8e-001	LITCHI017143	15.28	fp	0
1-ATAATACAGTG	STREME-1	2.8e-001	LITCHI019028	15.28	fp	0
1-ATAATACAGTG	STREME-1	2.8e-001	LITCHI010482	15.28	fp	0
1-ATAATACAGTG	STREME-1	2.8e-001	LITCHI017637	15.28	fp	0
1-ATAATACAGTG	STREME-1	2.8e-001	LITCHI014931	15.28	fp	0
1-ATAATACAGTG	STREME-1	2.8e-001	LITCHI011209	15.28	fp	0
1-ATAATACAGTG	STREME-1	2.8e-001	LITCHI005217	15.28	fp	0
1-ATAATACAGTG	STREME-1	2.8e-001	LITCHI024300	15.28	fp	0
1-ATAATACAGTG	STREME-1	2.8e-001	LITCHI005187	15.28	fp	0
1-ATAATACAGTG	STREME-1	2.8e-001	LITCHI011518	15.28	fp	0
1-ATAATACAGTG	STREME-1	2.8e-001	LITCHI005880	15.28	fp	0
1-ATAATACAGTG	STREME-1	2.8e-001	LITCHI021898	15.28	fp	0
1-ATAATACAGTG	STREME-1	2.8e-001	LITCHI024400	15.28	fp	0
1-ATAATACAGTG	STREME-1	2.8e-001	LITCHI023987	15.28	fp	0
1-ATAATACAGTG	STREME-1	2.8e-001	LITCHI005180	15.28	fp	0
1-ATAATACAGTG	STREME-1	2.8e-001	LITCHI010608	15.28	fp	0
1-ATAATACAGTG	STREME-1	2.8e-001	LITCHI023501	15.28	fp	0
1-ATAATACAGTG	STREME-1	2.8e-001	LITCHI006482	15.28	fp	1
1-ATAATACAGTG	STREME-1	2.8e-001	LITCHI024857	15.28	fp	1
1-ATAATACAGTG	STREME-1	2.8e-001	LITCHI005426	15.28	fp	1
1-ATAATACAGTG	STREME-1	2.8e-001	LITCHI004929	14.91	tp	0
1-ATAATACAGTG	STREME-1	2.8e-001	LITCHI012466	14.91	fp	0
1-ATAATACAGTG	STREME-1	2.8e-001	LITCHI016359	14.91	fp	0
1-ATAATACAGTG	STREME-1	2.8e-001	LITCHI010236	14.91	fp	0
1-ATAATACAGTG	STREME-1	2.8e-001	LITCHI026962	14.91	fp	0
1-ATAATACAGTG	STREME-1	2.8e-001	LITCHI022058	14.91	fp	0
1-ATAATACAGTG	STREME-1	2.8e-001	LITCHI007189	14.91	fp	0
1-ATAATACAGTG	STREME-1	2.8e-001	LITCHI011523	14.91	fp	0
1-ATAATACAGTG	STREME-1	2.8e-001	LITCHI019438	14.91	fp	0
1-ATAATACAGTG	STREME-1	2.8e-001	LITCHI019437	14.91	fp	0
1-ATAATACAGTG	STREME-1	2.8e-001	LITCHI008108	14.91	fp	1
1-ATAATACAGTG	STREME-1	2.8e-001	LITCHI010541	14.90	tp	0
1-ATAATACAGTG	STREME-1	2.8e-001	LITCHI019664	14.90	tp	0
1-ATAATACAGTG	STREME-1	2.8e-001	LITCHI021264	14.90	tp	0
1-ATAATACAGTG	STREME-1	2.8e-001	LITCHI012897	14.90	fp	0
1-ATAATACAGTG	STREME-1	2.8e-001	LITCHI028633	14.90	fp	0
1-ATAATACAGTG	STREME-1	2.8e-001	LITCHI026967	14.90	fp	0
1-ATAATACAGTG	STREME-1	2.8e-001	LITCHI023398	14.90	fp	0
1-ATAATACAGTG	STREME-1	2.8e-001	LITCHI027523	14.90	fp	0
1-ATAATACAGTG	STREME-1	2.8e-001	LITCHI023260	14.90	fp	0
1-ATAATACAGTG	STREME-1	2.8e-001	LITCHI024905	14.90	fp	0
1-ATAATACAGTG	STREME-1	2.8e-001	LITCHI029302	14.90	fp	0
1-ATAATACAGTG	STREME-1	2.8e-001	LITCHI021628	14.90	fp	0
1-ATAATACAGTG	STREME-1	2.8e-001	LITCHI027883	14.90	fp	0
1-ATAATACAGTG	STREME-1	2.8e-001	LITCHI006332	14.90	fp	0
1-ATAATACAGTG	STREME-1	2.8e-001	LITCHI026300	14.90	fp	0
1-ATAATACAGTG	STREME-1	2.8e-001	LITCHI013424	14.90	fp	0
1-ATAATACAGTG	STREME-1	2.8e-001	LITCHI003503	14.90	fp	0
1-ATAATACAGTG	STREME-1	2.8e-001	LITCHI023497	14.90	fp	0
1-ATAATACAGTG	STREME-1	2.8e-001	LITCHI022878	14.90	fp	0
1-ATAATACAGTG	STREME-1	2.8e-001	LITCHI005469	14.90	fp	0
1-ATAATACAGTG	STREME-1	2.8e-001	LITCHI028803	14.90	fp	0
1-ATAATACAGTG	STREME-1	2.8e-001	LITCHI023129	14.90	tp	1
1-ATAATACAGTG	STREME-1	2.8e-001	LITCHI013239	14.90	fp	1
1-ATAATACAGTG	STREME-1	2.8e-001	LITCHI012552	14.90	fp	1
1-ATAATACAGTG	STREME-1	2.8e-001	LITCHI027573	14.90	fp	1
1-ATAATACAGTG	STREME-1	2.8e-001	LITCHI022378	14.90	fp	1
1-ATAATACAGTG	STREME-1	2.8e-001	LITCHI016154	14.90	fp	1
1-ATAATACAGTG	STREME-1	2.8e-001	LITCHI012914	14.90	fp	1
#
2-ATCAATGTTGAGA	STREME-2	1.0e+000	LITCHI017559	20.82	tp	0
2-ATCAATGTTGAGA	STREME-2	1.0e+000	LITCHI029137	20.82	fp	0
2-ATCAATGTTGAGA	STREME-2	1.0e+000	LITCHI014876	19.26	fp	1
2-ATCAATGTTGAGA	STREME-2	1.0e+000	LITCHI026941	18.41	fp	0
2-ATCAATGTTGAGA	STREME-2	1.0e+000	LITCHI013502	18.41	fp	0
2-ATCAATGTTGAGA	STREME-2	1.0e+000	LITCHI014220	18.41	fp	0
2-ATCAATGTTGAGA	STREME-2	1.0e+000	LITCHI030165	18.41	fp	0
2-ATCAATGTTGAGA	STREME-2	1.0e+000	LITCHI028667	18.16	fp	0
2-ATCAATGTTGAGA	STREME-2	1.0e+000	LITCHI000899	17.99	fp	0
2-ATCAATGTTGAGA	STREME-2	1.0e+000	LITCHI018573	17.97	fp	0
2-ATCAATGTTGAGA	STREME-2	1.0e+000	LITCHI022573	17.97	fp	1
2-ATCAATGTTGAGA	STREME-2	1.0e+000	LITCHI031319	17.97	fp	1
2-ATCAATGTTGAGA	STREME-2	1.0e+000	LITCHI010662	17.93	fp	0
2-ATCAATGTTGAGA	STREME-2	1.0e+000	LITCHI019746	17.74	fp	0
2-ATCAATGTTGAGA	STREME-2	1.0e+000	LITCHI011536	17.59	tp	0
2-ATCAATGTTGAGA	STREME-2	1.0e+000	LITCHI018650	17.59	fp	0
2-ATCAATGTTGAGA	STREME-2	1.0e+000	LITCHI008249	17.59	fp	0
2-ATCAATGTTGAGA	STREME-2	1.0e+000	LITCHI005258	17.59	fp	1
2-ATCAATGTTGAGA	STREME-2	1.0e+000	LITCHI006320	17.47	fp	0
2-ATCAATGTTGAGA	STREME-2	1.0e+000	LITCHI005343	17.46	fp	1
2-ATCAATGTTGAGA	STREME-2	1.0e+000	LITCHI011516	17.13	fp	0
2-ATCAATGTTGAGA	STREME-2	1.0e+000	LITCHI004751	17.11	tp	0
2-ATCAATGTTGAGA	STREME-2	1.0e+000	LITCHI012432	17.11	tp	0
2-ATCAATGTTGAGA	STREME-2	1.0e+000	LITCHI021106	16.98	fp	0
2-ATCAATGTTGAGA	STREME-2	1.0e+000	LITCHI019095	16.60	tp	0
2-ATCAATGTTGAGA	STREME-2	1.0e+000	LITCHI022618	16.56	fp	0
2-ATCAATGTTGAGA	STREME-2	1.0e+000	LITCHI021419	16.56	fp	0
2-ATCAATGTTGAGA	STREME-2	1.0e+000	LITCHI011974	16.51	fp	0
2-ATCAATGTTGAGA	STREME-2	1.0e+000	LITCHI004814	16.49	fp	0
2-ATCAATGTTGAGA	STREME-2	1.0e+000	LITCHI019893	16.49	fp	0
2-ATCAATGTTGAGA	STREME-2	1.0e+000	LITCHI015950	16.43	tp	0
2-ATCAATGTTGAGA	STREME-2	1.0e+000	LITCHI024453	16.37	fp	0
2-ATCAATGTTGAGA	STREME-2	1.0e+000	LITCHI007955	16.24	tp	0
2-ATCAATGTTGAGA	STREME-2	1.0e+000	LITCHI011450	16.24	fp	0
2-ATCAATGTTGAGA	STREME-2	1.0e+000	LITCHI015937	16.18	fp	0
2-ATCAATGTTGAGA	STREME-2	1.0e+000	LITCHI019797	16.13	fp	0
2-ATCAATGTTGAGA	STREME-2	1.0e+000	LITCHI025593	16.03	fp	0
2-ATCAATGTTGAGA	STREME-2	1.0e+000	LITCHI017341	16.01	fp	0
2-ATCAATGTTGAGA	STREME-2	1.0e+000	LITCHI007249	16.01	fp	0
2-ATCAATGTTGAGA	STREME-2	1.0e+000	LITCHI011122	15.95	tp	0
2-ATCAATGTTGAGA	STREME-2	1.0e+000	LITCHI007728	15.95	fp	0
2-ATCAATGTTGAGA	STREME-2	1.0e+000	LITCHI005454	15.94	tp	0
2-ATCAATGTTGAGA	STREME-2	1.0e+000	LITCHI016865	15.94	fp	0
2-ATCAATGTTGAGA	STREME-2	1.0e+000	LITCHI006159	15.91	fp	0
2-ATCAATGTTGAGA	STREME-2	1.0e+000	LITCHI020315	15.74	fp	0
2-ATCAATGTTGAGA	STREME-2	1.0e+000	LITCHI007380	15.74	fp	0
2-ATCAATGTTGAGA	STREME-2	1.0e+000	LITCHI004776	15.74	fp	0
2-ATCAATGTTGAGA	STREME-2	1.0e+000	LITCHI025875	15.72	tp	0
2-ATCAATGTTGAGA	STREME-2	1.0e+000	LITCHI023621	15.58	fp	0
2-ATCAATGTTGAGA	STREME-2	1.0e+000	LITCHI002580	15.58	fp	1
2-ATCAATGTTGAGA	STREME-2	1.0e+000	LITCHI005883	15.58	fp	0
2-ATCAATGTTGAGA	STREME-2	1.0e+000	LITCHI028444	15.58	fp	0
2-ATCAATGTTGAGA	STREME-2	1.0e+000	LITCHI028798	15.57	fp	0
2-ATCAATGTTGAGA	STREME-2	1.0e+000	LITCHI024132	15.55	fp	0
2-ATCAATGTTGAGA	STREME-2	1.0e+000	LITCHI003042	15.55	fp	0
2-ATCAATGTTGAGA	STREME-2	1.0e+000	LITCHI007525	15.42	fp	0
2-ATCAATGTTGAGA	STREME-2	1.0e+000	LITCHI017919	15.39	fp	0
2-ATCAATGTTGAGA	STREME-2	1.0e+000	LITCHI026900	15.33	tp	0
2-ATCAATGTTGAGA	STREME-2	1.0e+000	LITCHI002148	15.33	fp	0
2-ATCAATGTTGAGA	STREME-2	1.0e+000	LITCHI005254	15.33	tp	0
2-ATCAATGTTGAGA	STREME-2	1.0e+000	LITCHI029361	15.33	fp	0
2-ATCAATGTTGAGA	STREME-2	1.0e+000	LITCHI016112	15.33	fp	0
2-ATCAATGTTGAGA	STREME-2	1.0e+000	LITCHI006165	15.31	fp	0
2-ATCAATGTTGAGA	STREME-2	1.0e+000	LITCHI009854	15.31	fp	0
2-ATCAATGTTGAGA	STREME-2	1.0e+000	LITCHI012627	15.31	fp	0
2-ATCAATGTTGAGA	STREME-2	1.0e+000	LITCHI020186	15.31	fp	1
2-ATCAATGTTGAGA	STREME-2	1.0e+000	LITCHI010516	15.27	fp	0
2-ATCAATGTTGAGA	STREME-2	1.0e+000	LITCHI016407	15.27	fp	0
2-ATCAATGTTGAGA	STREME-2	1.0e+000	LITCHI027495	15.27	fp	1
2-ATCAATGTTGAGA	STREME-2	1.0e+000	LITCHI014759	15.26	tp	0
2-ATCAATGTTGAGA	STREME-2	1.0e+000	LITCHI026722	15.26	fp	0
2-ATCAATGTTGAGA	STREME-2	1.0e+000	LITCHI015368	15.19	fp	1
2-ATCAATGTTGAGA	STREME-2	1.0e+000	LITCHI002049	15.18	fp	0
2-ATCAATGTTGAGA	STREME-2	1.0e+000	LITCHI018467	15.18	fp	0
2-ATCAATGTTGAGA	STREME-2	1.0e+000	LITCHI008105	15.13	fp	0
2-ATCAATGTTGAGA	STREME-2	1.0e+000	LITCHI029886	15.13	fp	0
2-ATCAATGTTGAGA	STREME-2	1.0e+000	LITCHI022420	15.10	fp	1
2-ATCAATGTTGAGA	STREME-2	1.0e+000	LITCHI001050	15.08	fp	0
2-ATCAATGTTGAGA	STREME-2	1.0e+000	LITCHI030745	15.04	tp	0
2-ATCAATGTTGAGA	STREME-2	1.0e+000	LITCHI006796	15.04	fp	0
2-ATCAATGTTGAGA	STREME-2	1.0e+000	LITCHI010142	15.04	fp	0
2-ATCAATGTTGAGA	STREME-2	1.0e+000	LITCHI006427	15.04	fp	0
2-ATCAATGTTGAGA	STREME-2	1.0e+000	LITCHI022789	15.01	tp	0
#
3-AAAATCAAAATCAAAATT	STREME-3	1.0e+000	LITCHI023124	24.84	tp	0
3-AAAATCAAAATCAAAATT	STREME-3	1.0e+000	LITCHI027669	24.84	tp	0
3-AAAATCAAAATCAAAATT	STREME-3	1.0e+000	LITCHI001730	24.84	fp	0
3-AAAATCAAAATCAAAATT	STREME-3	1.0e+000	LITCHI012432	23.82	tp	0
3-AAAATCAAAATCAAAATT	STREME-3	1.0e+000	LITCHI010273	23.77	tp	0
3-AAAATCAAAATCAAAATT	STREME-3	1.0e+000	LITCHI028397	23.74	fp	0
3-AAAATCAAAATCAAAATT	STREME-3	1.0e+000	LITCHI031036	23.51	fp	0
3-AAAATCAAAATCAAAATT	STREME-3	1.0e+000	LITCHI002263	23.11	tp	0
3-AAAATCAAAATCAAAATT	STREME-3	1.0e+000	LITCHI017604	23.11	fp	0
3-AAAATCAAAATCAAAATT	STREME-3	1.0e+000	LITCHI017954	22.91	tp	0
3-AAAATCAAAATCAAAATT	STREME-3	1.0e+000	LITCHI029617	22.59	fp	0
3-AAAATCAAAATCAAAATT	STREME-3	1.0e+000	LITCHI008457	22.59	fp	0
3-AAAATCAAAATCAAAATT	STREME-3	1.0e+000	LITCHI018570	22.00	fp	0
3-AAAATCAAAATCAAAATT	STREME-3	1.0e+000	LITCHI024820	21.76	tp	0
3-AAAATCAAAATCAAAATT	STREME-3	1.0e+000	LITCHI015950	20.42	tp	0
