motif_ID	motif_ALT_ID	seq_ID	site_Start	site_End	site_Strand	site_Score	site_Sequence
1-ATAATACAGTG	STREME-1	LITCHI003742	869	879	-	19.63	ATAATACAGTG
1-ATAATACAGTG	STREME-1	LITCHI021546	550	560	+	19.63	ATAATACAGTG
1-ATAATACAGTG	STREME-1	LITCHI001879	828	838	-	18.32	ACAATACAGTG
1-ATAATACAGTG	STREME-1	LITCHI001129	937	947	+	18.32	ACAATACAGTG
1-ATAATACAGTG	STREME-1	LITCHI022817	848	858	+	17.55	ATAGTACAGTG
1-ATAATACAGTG	STREME-1	LITCHI010325	163	173	+	16.87	ATAATGCAGTG
1-ATAATACAGTG	STREME-1	LITCHI028584	121	131	+	16.07	ATAACACAGTG
1-ATAATACAGTG	STREME-1	LITCHI015702	369	379	+	15.94	ATAATACACTG
1-ATAATACAGTG	STREME-1	LITCHI005008	832	842	+	15.69	TTAATACAGTG
1-ATAATACAGTG	STREME-1	LITCHI013379	849	859	-	15.28	ATAATACAATG
1-ATAATACAGTG	STREME-1	LITCHI014480	519	529	+	15.28	ATAATACAATG
1-ATAATACAGTG	STREME-1	LITCHI017862	397	407	+	15.28	ATAATACAATG
1-ATAATACAGTG	STREME-1	LITCHI004929	428	438	+	14.91	ATAATACAGTA
1-ATAATACAGTG	STREME-1	LITCHI023129	963	973	+	14.90	ATAATAAAGTG
1-ATAATACAGTG	STREME-1	LITCHI010541	986	996	+	14.90	ATAATAAAGTG
1-ATAATACAGTG	STREME-1	LITCHI019664	216	226	-	14.90	ATAATAAAGTG
1-ATAATACAGTG	STREME-1	LITCHI021264	608	618	+	14.90	ATAATAAAGTG
#
2-ATCAATGTTGAGA	STREME-2	LITCHI017559	721	733	-	20.82	ATCAATGTTGAGA
2-ATCAATGTTGAGA	STREME-2	LITCHI011536	292	304	-	17.59	ATCAAGGTTGAGA
2-ATCAATGTTGAGA	STREME-2	LITCHI004751	286	298	-	17.11	ATCAATGTTGTAA
2-ATCAATGTTGAGA	STREME-2	LITCHI012432	270	282	-	17.11	ATCAATGTTGTAA
2-ATCAATGTTGAGA	STREME-2	LITCHI019095	852	864	+	16.60	ATCAATCTTGTGA
2-ATCAATGTTGAGA	STREME-2	LITCHI015950	586	598	-	16.43	ATCCATGTTAAGA
2-ATCAATGTTGAGA	STREME-2	LITCHI007955	722	734	-	16.24	ATCCATGTTTAGA
2-ATCAATGTTGAGA	STREME-2	LITCHI011122	484	496	-	15.95	ATCAATGTTGTTA
2-ATCAATGTTGAGA	STREME-2	LITCHI005454	493	505	+	15.94	CTCAATGTTTAGA
2-ATCAATGTTGAGA	STREME-2	LITCHI025875	929	941	-	15.72	ATCAGTGTTTAGA
2-ATCAATGTTGAGA	STREME-2	LITCHI026900	112	124	-	15.33	CTCAATGTGGAGA
2-ATCAATGTTGAGA	STREME-2	LITCHI005254	879	891	-	15.33	ATCAATGTTGCAA
2-ATCAATGTTGAGA	STREME-2	LITCHI014759	224	236	-	15.26	ATCAATGTTGAAT
2-ATCAATGTTGAGA	STREME-2	LITCHI030745	164	176	-	15.04	ATCAATGTTAAGG
2-ATCAATGTTGAGA	STREME-2	LITCHI022789	804	816	-	15.01	ATCAATCTAGAGA
#
3-AAAATCAAAATCAAAATT	STREME-3	LITCHI023124	405	422	+	24.84	AAAATCAAAATCAAAATT
3-AAAATCAAAATCAAAATT	STREME-3	LITCHI027669	79	96	-	24.84	AAAATCAAAATCAAAATT
3-AAAATCAAAATCAAAATT	STREME-3	LITCHI012432	470	487	+	23.82	AAAATCAAACTCAAGATT
3-AAAATCAAAATCAAAATT	STREME-3	LITCHI010273	835	852	-	23.77	AAAATCATAATCAGAATT
3-AAAATCAAAATCAAAATT	STREME-3	LITCHI002263	388	405	+	23.11	AAAATCAAACTCCAAATT
3-AAAATCAAAATCAAAATT	STREME-3	LITCHI017954	839	856	+	22.91	AACATCAAAATCAAAATC
3-AAAATCAAAATCAAAATT	STREME-3	LITCHI024820	798	815	-	21.76	AAAATCAACATCAAAATA
3-AAAATCAAAATCAAAATT	STREME-3	LITCHI015950	527	544	-	20.42	AAAATTATAATCAAAATT
