gene_id	evidence_group	sample_id	cultivar	treatment	replicate	normalized_count	log2_normalized_count_plus_1
LITCHI014613	Tier B	GW_P1	Guiwei	infected	1	31.5394496045015	5.024117943329525
LITCHI014613	Tier B	GW_P2	Guiwei	infected	2	10.6135438349487	3.5377363679495084
LITCHI014613	Tier B	GW_P3	Guiwei	infected	3	19.118219629101	4.330430733732825
LITCHI014613	Tier B	GW_M1	Guiwei	mock	1	354.519574793777	8.473785186132606
LITCHI014613	Tier B	GW_M2	Guiwei	mock	2	127.382153834241	7.0043008598031
LITCHI014613	Tier B	GW_M3	Guiwei	mock	3	125.179036511319	6.979328429466062
LITCHI014613	Tier B	YR_P1	Yurong1	infected	1	289.16061372111	8.180707891654976
LITCHI014613	Tier B	YR_P2	Yurong1	infected	2	193.167527027217	7.601158131447865
LITCHI014613	Tier B	YR_P3	Yurong1	infected	3	267.707083968689	8.069890545631871
LITCHI014613	Tier B	YR_M1	Yurong1	mock	1	136.87046901893	7.1071696635780945
LITCHI014613	Tier B	YR_M2	Yurong1	mock	2	232.247171458702	7.865715775686715
LITCHI014613	Tier B	YR_M3	Yurong1	mock	3	202.571607656793	7.669392551045494
LITCHI015740	Tier B	GW_P1	Guiwei	infected	1	378.473395254017	8.567854932120195
LITCHI015740	Tier B	GW_P2	Guiwei	infected	2	255.689919660129	8.003882831453964
LITCHI015740	Tier B	GW_P3	Guiwei	infected	3	332.053288294912	8.37960921574455
LITCHI015740	Tier B	GW_M1	Guiwei	mock	1	133.79939875137	7.074670251425421
LITCHI015740	Tier B	GW_M2	Guiwei	mock	2	99.6457171122691	6.65314197075373
LITCHI015740	Tier B	GW_M3	Guiwei	mock	3	157.759881630703	7.310702581570904
LITCHI015740	Tier B	YR_P1	Yurong1	infected	1	312.46293424076	8.292151049872222
LITCHI015740	Tier B	YR_P2	Yurong1	infected	2	401.505278690079	8.652863893474183
LITCHI015740	Tier B	YR_P3	Yurong1	infected	3	427.192155269184	8.742114554723003
LITCHI015740	Tier B	YR_M1	Yurong1	mock	1	580.167361214567	9.18280987220848
LITCHI015740	Tier B	YR_M2	Yurong1	mock	2	601.408614301355	9.23459859013149
LITCHI015740	Tier B	YR_M3	Yurong1	mock	3	623.458730301219	9.286462418842264
LITCHI015982	Tier B	GW_P1	Guiwei	infected	1	63.0788992090029	6.001777459248323
LITCHI015982	Tier B	GW_P2	Guiwei	infected	2	70.4353363592053	6.158565992380832
LITCHI015982	Tier B	GW_P3	Guiwei	infected	3	42.2613276011706	5.43500603421028
LITCHI015982	Tier B	GW_M1	Guiwei	mock	1	182.631296105885	7.520668146614912
LITCHI015982	Tier B	GW_M2	Guiwei	mock	2	158.200416858654	7.314700303288984
LITCHI015982	Tier B	GW_M3	Guiwei	mock	3	77.1651594932788	6.288453794149842
LITCHI015982	Tier B	YR_P1	Yurong1	infected	1	135.577137568872	7.093572192608386
LITCHI015982	Tier B	YR_P2	Yurong1	infected	2	131.475280175593	7.049579368354397
LITCHI015982	Tier B	YR_P3	Yurong1	infected	3	109.361191748911	6.786089130782614
LITCHI015982	Tier B	YR_M1	Yurong1	mock	1	18.3855853906025	4.276912396000067
LITCHI015982	Tier B	YR_M2	Yurong1	mock	2	42.5955510972292	5.446109011140679
LITCHI015982	Tier B	YR_M3	Yurong1	mock	3	22.0414702631744	4.526160872158675
LITCHI016077	Tier B	GW_P1	Guiwei	infected	1	101.627115392282	6.681268149507416
LITCHI016077	Tier B	GW_P2	Guiwei	infected	2	109.030041213564	6.781753662549632
LITCHI016077	Tier B	GW_P3	Guiwei	infected	3	108.671985260153	6.777051238871733
LITCHI016077	Tier B	GW_M1	Guiwei	mock	1	139.659226433912	7.136060378004161
LITCHI016077	Tier B	GW_M2	Guiwei	mock	2	196.209607922097	7.623586030354141
LITCHI016077	Tier B	GW_M3	Guiwei	mock	3	145.756412376193	7.197279731619232
LITCHI016077	Tier B	YR_P1	Yurong1	infected	1	311.403737853504	8.287267904939807
LITCHI016077	Tier B	YR_P2	Yurong1	infected	2	348.915166619842	8.450861387456312
LITCHI016077	Tier B	YR_P3	Yurong1	infected	3	205.052234529208	7.686866298754588
LITCHI016077	Tier B	YR_M1	Yurong1	mock	1	136.87046901893	7.1071696635780945
LITCHI016077	Tier B	YR_M2	Yurong1	mock	2	116.630675623366	6.878120523747816
LITCHI016077	Tier B	YR_M3	Yurong1	mock	3	118.604101892319	6.902123058225699
LITCHI013915	Tier B	GW_P1	Guiwei	infected	1	552.816463901123	9.113264132673219
LITCHI013915	Tier B	GW_P2	Guiwei	infected	2	452.52291441736	8.825031635084486
LITCHI013915	Tier B	GW_P3	Guiwei	infected	3	636.938580274785	9.317273720036882
LITCHI013915	Tier B	GW_M1	Guiwei	mock	1	886.787255957987	9.79407018893314
LITCHI013915	Tier B	GW_M2	Guiwei	mock	2	950.229776586072	9.893650066612587
LITCHI013915	Tier B	GW_M3	Guiwei	mock	3	1162.6217363654	10.184406435898126
LITCHI013915	Tier B	YR_P1	Yurong1	infected	1	692.714437265957	9.438198099375127
LITCHI013915	Tier B	YR_P2	Yurong1	infected	2	992.132691171203	9.955842677020362
LITCHI013915	Tier B	YR_P3	Yurong1	infected	3	827.04401260114	9.693563642371144
LITCHI013915	Tier B	YR_M1	Yurong1	mock	1	621.024217638128	9.280826940526545
LITCHI013915	Tier B	YR_M2	Yurong1	mock	2	466.522702493463	8.868892612485157
LITCHI013915	Tier B	YR_M3	Yurong1	mock	3	445.027780551712	8.800989760045908
LITCHI001510	Legacy highlight	GW_P1	Guiwei	infected	1	1072.34128655305	10.067893162369147
LITCHI001510	Legacy highlight	GW_P2	Guiwei	infected	2	4753.90277043568	12.215200125423125
LITCHI001510	Legacy highlight	GW_P3	Guiwei	infected	3	681.21235204744	9.41407706620986
LITCHI001510	Legacy highlight	GW_M1	Guiwei	mock	1	108.406812127023	6.7735587589463915
LITCHI001510	Legacy highlight	GW_M2	Guiwei	mock	2	126.354878400094	6.992710413688546
LITCHI001510	Legacy highlight	GW_M3	Guiwei	mock	3	136.325115104793	7.10145169088687
LITCHI001510	Legacy highlight	YR_P1	Yurong1	infected	1	3138.39889544194	11.616272635631663
LITCHI001510	Legacy highlight	YR_P2	Yurong1	infected	2	1630.29347417735	10.671800634862196
LITCHI001510	Legacy highlight	YR_P3	Yurong1	infected	3	3293.36672235523	11.685785446610009
LITCHI001510	Legacy highlight	YR_M1	Yurong1	mock	1	994.864453913712	9.959805581692514
LITCHI001510	Legacy highlight	YR_M2	Yurong1	mock	2	1149.06569983716	10.167500565068101
LITCHI001510	Legacy highlight	YR_M3	Yurong1	mock	3	1136.71010928657	10.15191728767366
LITCHI001963	Cross-context supported	GW_P1	Guiwei	infected	1	115.644648549839	6.865976310318373
LITCHI001963	Cross-context supported	GW_P2	Guiwei	infected	2	83.943483058231	6.408431361658528
LITCHI001963	Cross-context supported	GW_P3	Guiwei	infected	3	84.5226552023411	6.418234739664484
LITCHI001963	Cross-context supported	GW_M1	Guiwei	mock	1	70.3179321905012	6.156192968605218
LITCHI001963	Cross-context supported	GW_M2	Guiwei	mock	2	51.3637717073552	5.710497111718307
LITCHI001963	Cross-context supported	GW_M3	Guiwei	mock	3	68.5912528829145	6.120834076026119
LITCHI001963	Cross-context supported	YR_P1	Yurong1	infected	1	43.4270518775294	5.473366504009643
LITCHI001963	Cross-context supported	YR_P2	Yurong1	infected	2	33.3744941984197	5.103266580112378
LITCHI001963	Cross-context supported	YR_P3	Yurong1	infected	3	37.5929096636882	5.270263913037774
LITCHI001963	Cross-context supported	YR_M1	Yurong1	mock	1	71.4994987412319	6.17989911531095
LITCHI001963	Cross-context supported	YR_M2	Yurong1	mock	2	77.0776638902242	6.28683798251654
LITCHI001963	Cross-context supported	YR_M3	Yurong1	mock	3	54.578878746908	5.79646482466527
LITCHI008721	Tier B	GW_P1	Guiwei	infected	1	1166.95963536655	10.189774700264628
LITCHI008721	Tier B	GW_P2	Guiwei	infected	2	1112.4923674269	10.120875953687564
LITCHI008721	Tier B	GW_P3	Guiwei	infected	3	1344.31270655152	10.393725838674625
LITCHI008721	Tier B	GW_M1	Guiwei	mock	1	1045.97924133371	10.032017122611986
LITCHI008721	Tier B	GW_M2	Guiwei	mock	2	920.438788995805	9.84774452085556
LITCHI008721	Tier B	GW_M3	Guiwei	mock	3	873.681083596124	9.772613283311433
LITCHI008721	Tier B	YR_P1	Yurong1	infected	1	269.035882363231	8.077007315080152
LITCHI008721	Tier B	YR_P2	Yurong1	infected	2	298.347751167691	8.225678621894824
LITCHI008721	Tier B	YR_P3	Yurong1	infected	3	336.057828811758	8.396852324750325
LITCHI008721	Tier B	YR_M1	Yurong1	mock	1	709.887880359374	9.473478228937811
LITCHI008721	Tier B	YR_M2	Yurong1	mock	2	872.194617705169	9.77015942748548
LITCHI008721	Tier B	YR_M3	Yurong1	mock	3	1078.98244907349	10.076792151828254
LITCHI010877	Tier B	GW_P1	Guiwei	infected	1	451.18934850884	8.820783199036969
LITCHI010877	Tier B	GW_P2	Guiwei	infected	2	323.230653155257	8.340876681199445
LITCHI010877	Tier B	GW_P3	Guiwei	infected	3	382.364392582019	8.58257253348148
LITCHI010877	Tier B	GW_M1	Guiwei	mock	1	506.875094539863	8.98832991778571
LITCHI010877	Tier B	GW_M2	Guiwei	mock	2	247.573379629452	7.957527992468612
LITCHI010877	Tier B	GW_M3	Guiwei	mock	3	444.985753077908	8.800853814063483
LITCHI010877	Tier B	YR_P1	Yurong1	infected	1	32.8350880049613	5.080448235885149
LITCHI010877	Tier B	YR_P2	Yurong1	infected	2	22.2496627989464	4.539137887158973
LITCHI010877	Tier B	YR_P3	Yurong1	infected	3	25.0619397757921	4.703872561785257
LITCHI010877	Tier B	YR_M1	Yurong1	mock	1	229.819817382531	7.850623283828
LITCHI010877	Tier B	YR_M2	Yurong1	mock	2	162.268766084683	7.351105014203852
LITCHI010877	Tier B	YR_M3	Yurong1	mock	3	176.331762105395	7.470307152001102
LITCHI028717	Tier B	GW_P1	Guiwei	infected	1	4609.14012136895	12.170594885497167
LITCHI028717	Tier B	GW_P2	Guiwei	infected	2	4875.47609072691	12.251623267921453
LITCHI028717	Tier B	GW_P3	Guiwei	infected	3	4150.6661036864	12.019474704772625
LITCHI028717	Tier B	GW_M1	Guiwei	mock	1	2612.50650846654	11.351771036736135
LITCHI028717	Tier B	GW_M2	Guiwei	mock	2	2258.97867968948	11.142093447191336
LITCHI028717	Tier B	GW_M3	Guiwei	mock	3	2752.22402192694	11.426906287321298
LITCHI028717	Tier B	YR_P1	Yurong1	infected	1	3566.3142358937	11.800622589504613
LITCHI028717	Tier B	YR_P2	Yurong1	infected	2	3683.33054153468	11.847186783996033
LITCHI028717	Tier B	YR_P3	Yurong1	infected	3	4169.39543542723	12.025968470653858
LITCHI028717	Tier B	YR_M1	Yurong1	mock	1	3893.65841716537	11.927281086255434
LITCHI028717	Tier B	YR_M2	Yurong1	mock	2	3978.62730843881	11.958417613560869
LITCHI028717	Tier B	YR_M3	Yurong1	mock	3	4103.91184423866	12.003135524144982
LITCHI028926	Tier B	GW_P1	Guiwei	infected	1	60.4506117419611	5.941355467612242
LITCHI028926	Tier B	GW_P2	Guiwei	infected	2	79.1191449514361	6.324075119371666
LITCHI028926	Tier B	GW_P3	Guiwei	infected	3	72.4479901734352	6.198651108385194
LITCHI028926	Tier B	GW_M1	Guiwei	mock	1	99.61707060321	6.652731282048613
LITCHI028926	Tier B	GW_M2	Guiwei	mock	2	100.672992546416	6.6677926959726435
LITCHI028926	Tier B	GW_M3	Guiwei	mock	3	88.3112380867524	6.480769816840018
LITCHI028926	Tier B	YR_P1	Yurong1	infected	1	301.870970368192	8.242559494838058
LITCHI028926	Tier B	YR_P2	Yurong1	infected	2	203.281010117647	7.674411287715433
LITCHI028926	Tier B	YR_P3	Yurong1	infected	3	205.052234529208	7.686866298754588
LITCHI028926	Tier B	YR_M1	Yurong1	mock	1	66.3923916882868	6.074513821410918
LITCHI028926	Tier B	YR_M2	Yurong1	mock	2	104.460518167014	6.720559180123455
LITCHI028926	Tier B	YR_M3	Yurong1	mock	3	88.1658810526976	6.478419869467873
LITCHI022605	Tier B	GW_P1	Guiwei	infected	1	1223.02976799678	10.257422928982773
LITCHI022605	Tier B	GW_P2	Guiwei	infected	2	1064.24898635895	10.056974963377833
LITCHI022605	Tier B	GW_P3	Guiwei	infected	3	1347.33137280875	10.396959388864799
LITCHI022605	Tier B	GW_M1	Guiwei	mock	1	1630.98537164079	10.672412410380888
LITCHI022605	Tier B	GW_M2	Guiwei	mock	2	1655.96799984513	10.694330025477017
LITCHI022605	Tier B	GW_M3	Guiwei	mock	3	1597.31880151087	10.642339482343768
LITCHI022605	Tier B	YR_P1	Yurong1	infected	1	1285.86441412977	10.3296443418205
LITCHI022605	Tier B	YR_P2	Yurong1	infected	2	1319.80954330114	10.367206734029143
LITCHI022605	Tier B	YR_P3	Yurong1	infected	3	1384.10258307216	10.43577711336177
LITCHI022605	Tier B	YR_M1	Yurong1	mock	1	1054.10689572788	10.043173454328313
LITCHI022605	Tier B	YR_M2	Yurong1	mock	2	1099.37089022372	10.103774164138613
LITCHI022605	Tier B	YR_M3	Yurong1	mock	3	1045.3954467677	10.031212452954039
LITCHI021546	Tier B	GW_P1	Guiwei	infected	1	598.37344666318	9.227311361020437
LITCHI021546	Tier B	GW_P2	Guiwei	infected	2	673.477599708566	9.397626719937145
LITCHI021546	Tier B	GW_P3	Guiwei	infected	3	630.901247760332	9.303555304350715
LITCHI021546	Tier B	GW_M1	Guiwei	mock	1	919.016308211967	9.845515624387856
LITCHI021546	Tier B	GW_M2	Guiwei	mock	2	1305.66707680097	10.351675891112
LITCHI021546	Tier B	GW_M3	Guiwei	mock	3	922.5523512752	9.851049932015968
LITCHI021546	Tier B	YR_P1	Yurong1	infected	1	859.008270065277	9.748206722990385
LITCHI021546	Tier B	YR_P2	Yurong1	infected	2	863.691455922739	9.756041623774369
LITCHI021546	Tier B	YR_P3	Yurong1	infected	3	775.780953968838	9.601364017267711
LITCHI021546	Tier B	YR_M1	Yurong1	mock	1	648.602595724032	9.34341358712341
LITCHI021546	Tier B	YR_M2	Yurong1	mock	2	485.792118466019	8.92716199968742
LITCHI021546	Tier B	YR_M3	Yurong1	mock	3	528.995286316185	9.049835718434515
LITCHI005518	Cross-context supported	GW_P1	Guiwei	infected	1	2891.99230956831	11.49834677282334
LITCHI005518	Cross-context supported	GW_P2	Guiwei	infected	2	2977.5814795138	11.54040970940839
LITCHI005518	Cross-context supported	GW_P3	Guiwei	infected	3	3410.08664858017	11.736015687484754
LITCHI005518	Cross-context supported	GW_M1	Guiwei	mock	1	5219.15318925053	12.349876429029898
LITCHI005518	Cross-context supported	GW_M2	Guiwei	mock	2	4181.01101697871	12.02998114719207
LITCHI005518	Cross-context supported	GW_M3	Guiwei	mock	3	4419.84885764281	12.110107696163615
LITCHI005518	Cross-context supported	YR_P1	Yurong1	infected	1	2293.160178411	11.163750408592856
LITCHI005518	Cross-context supported	YR_P2	Yurong1	infected	2	2622.42616534855	11.35723647148502
LITCHI005518	Cross-context supported	YR_P3	Yurong1	infected	3	2176.97122325176	11.088769177033598
LITCHI005518	Cross-context supported	YR_M1	Yurong1	mock	1	2213.42019674642	11.11271329099224
LITCHI005518	Cross-context supported	YR_M2	Yurong1	mock	2	2247.42241027285	11.134697384258976
LITCHI005518	Cross-context supported	YR_M3	Yurong1	mock	3	2311.20559616714	11.175053969431174
LITCHI005805	Tier B	GW_P1	Guiwei	infected	1	191.864985094051	7.591447433646438
LITCHI005805	Tier B	GW_P2	Guiwei	infected	2	141.83554033977	7.158211185195141
LITCHI005805	Tier B	GW_P3	Guiwei	infected	3	164.014199975971	7.366446367903011
LITCHI005805	Tier B	GW_M1	Guiwei	mock	1	655.324062497588	9.358264516688953
LITCHI005805	Tier B	GW_M2	Guiwei	mock	2	477.683076878404	8.90292699241654
LITCHI005805	Tier B	GW_M3	Guiwei	mock	3	733.069015186149	9.519771897510932
LITCHI005805	Tier B	YR_P1	Yurong1	infected	1	455.45444652043	8.834327078333992
LITCHI005805	Tier B	YR_P2	Yurong1	infected	2	533.991907174715	9.063373257798393
LITCHI005805	Tier B	YR_P3	Yurong1	infected	3	389.599245605496	8.609545352613713
LITCHI005805	Tier B	YR_M1	Yurong1	mock	1	345.240436779091	8.435630413999617
LITCHI005805	Tier B	YR_M2	Yurong1	mock	2	403.643555635648	8.66050780902221
LITCHI005805	Tier B	YR_M3	Yurong1	mock	3	480.713970501613	8.912032954847895
LITCHI019519	Legacy highlight	GW_P1	Guiwei	infected	1	218.147859764468	7.775760779099232
LITCHI019519	Legacy highlight	GW_P2	Guiwei	infected	2	1435.72302058216	10.488566242526707
LITCHI019519	Legacy highlight	GW_P3	Guiwei	infected	3	102.6346527457	6.69536267335134
LITCHI019519	Legacy highlight	GW_M1	Guiwei	mock	1	39.0655178836118	5.32428921986033
LITCHI019519	Legacy highlight	GW_M2	Guiwei	mock	2	32.8728138927073	5.082055934699357
LITCHI019519	Legacy highlight	GW_M3	Guiwei	mock	3	59.1599556115138	5.9107315974236485
LITCHI019519	Legacy highlight	YR_P1	Yurong1	infected	1	1764.62118116985	10.785960126701614
LITCHI019519	Legacy highlight	YR_P2	Yurong1	infected	2	1167.09594863565	10.189943068242606
LITCHI019519	Legacy highlight	YR_P3	Yurong1	infected	3	2323.92532466436	11.182968663047676
LITCHI019519	Legacy highlight	YR_M1	Yurong1	mock	1	952.986176079562	9.897824550506602
LITCHI019519	Legacy highlight	YR_M2	Yurong1	mock	2	1242.37024033585	10.280040238624595
LITCHI019519	Legacy highlight	YR_M3	Yurong1	mock	3	1754.9208704775	10.778012116812164
