panel	gene_id	primary_interaction_log2fc	primary_q	mapping_qc	salmon_interaction_log2fc	salmon_q	edgeR_interaction_log2fc	edgeR_q	cpm_filter_log2fc	cpm_filter_q	observed_mapping_sensitivity_status	loo_sign_agreement_count	loo_q_below_threshold_count	salmon_sign_agreement	salmon_absolute_lfc_difference	edgeR_sign_agreement	cpm_filter_sign_agreement	quantification_pass	statistical_method_pass	filter_pass	leave_one_out_pass	internal_robustness_status
A_D_gene_robustness	LITCHI008721	-1.91058272270929	7.86851905355691e-11	PASS	-2.00919635687546	1.27644115567497e-11	-1.89544361831608	0.0201438442334201	-1.91100712962896	6.3148729167092e-11	PASS_NO_SEVERE_OBSERVED_BIAS	12	12	TRUE	0.098613634166171	TRUE	TRUE	TRUE	TRUE	TRUE	TRUE	PASS
A_D_gene_robustness	LITCHI005805	2.07255591145601	5.52532016694485e-08	PASS	2.08053619987162	6.02985733206283e-07	2.08762473128564	0.0320619365253316	2.07209002854211	5.04946988433999e-08	PASS_NO_SEVERE_OBSERVED_BIAS	12	12	TRUE	0.00798028841560861	TRUE	TRUE	TRUE	TRUE	TRUE	TRUE	PASS
A_D_gene_robustness	LITCHI015740	-1.96299486758937	1.15007301951712e-07	PASS	-1.91689765304126	1.47591507280042e-07	-1.94705326831956	0.0320619365253316	-1.96338772848697	9.84146203360853e-08	PASS_NO_SEVERE_OBSERVED_BIAS	12	12	TRUE	0.0460972145481118	TRUE	TRUE	TRUE	TRUE	TRUE	TRUE	PASS
A_D_gene_robustness	LITCHI010877	-2.77434466350923	2.13991601641715e-07	PASS	-2.64023745858848	8.01087450280453e-08	-2.75393959480492	0.0320619365253316	-2.77463693262171	1.71119810425483e-07	PASS_NO_SEVERE_OBSERVED_BIAS	12	12	TRUE	0.134107204920755	TRUE	TRUE	TRUE	TRUE	TRUE	TRUE	PASS
A_D_gene_robustness	LITCHI009437	1.03949061099977	2.56887041844824e-07	PASS	1.23989898253037	3.58941962492128e-16	1.05240425810472	0.0320619365253316	1.03917799454519	1.71119810425483e-07	FAIL_SEVERE_BILATERAL_MULTIMAPPING	12	12	TRUE	0.200408371530604	TRUE	TRUE	TRUE	TRUE	TRUE	TRUE	FAIL
A_D_gene_robustness	LITCHI023626	-1.40847760833401	5.3720254067952e-07	PASS	-1.44544672010901	9.97869146606965e-08	-1.39295146112131	0.0320619365253316	-1.40886305975247	4.23608690332297e-07	FAIL_SEVERE_BILATERAL_MULTIMAPPING	12	12	TRUE	0.0369691117750011	TRUE	TRUE	TRUE	TRUE	TRUE	TRUE	FAIL
A_D_gene_robustness	LITCHI015982	3.42612366371821	7.78353948677146e-07	PASS	3.49362477649143	1.2572217589286e-07	3.42906619319181	0.0520225631971222	3.42570486025646	8.6808396070132e-07	PASS_NO_SEVERE_OBSERVED_BIAS	12	12	TRUE	0.067501112773221	TRUE	TRUE	TRUE	TRUE	TRUE	TRUE	PASS
A_D_gene_robustness	LITCHI025204	2.85870852391512	3.54928996014056e-06	PASS	2.79869856610284	6.3484359940117e-06	2.87441762091628	0.0830272205815517	2.85815377213266	3.68661011863502e-06	PASS_NO_SEVERE_OBSERVED_BIAS	12	12	TRUE	0.0600099578122784	TRUE	TRUE	TRUE	TRUE	TRUE	TRUE	PASS
A_D_gene_robustness	LITCHI014613	3.69273027953801	8.69074825280193e-06	PASS	3.64213036714644	1.91828647658773e-05	3.69341669117603	0.0992191911054992	3.69218164295683	9.46706285000988e-06	PASS_NO_SEVERE_OBSERVED_BIAS	12	12	TRUE	0.0505999123915708	TRUE	TRUE	TRUE	TRUE	TRUE	TRUE	PASS
A_D_gene_robustness	LITCHI028717	-0.907362306726487	1.8218963424227e-05	PASS	-0.826545792374285	0.031430051575159	-0.893063540021106	0.0992191911054992	-0.907724312581971	1.27997157124516e-05	PASS_NO_SEVERE_OBSERVED_BIAS	12	12	TRUE	0.0808165143522024	TRUE	TRUE	TRUE	TRUE	TRUE	TRUE	PASS
A_D_gene_robustness	LITCHI020058	-0.941598616265346	1.93707451928746e-05	PASS	-0.929246073699574	9.70282681588173e-06	-0.926744261435528	0.0667793524061049	-0.941950584918027	1.43184093795601e-05	PASS_NO_SEVERE_OBSERVED_BIAS	12	12	TRUE	0.0123525425657723	TRUE	TRUE	TRUE	TRUE	TRUE	TRUE	PASS
A_D_gene_robustness	LITCHI013915	1.58253973508206	4.39633402885569e-05	PASS	1.50739953853519	6.71605784622144e-05	1.59580930061262	0.0667793524061049	1.58234016530411	3.94570607016555e-05	PASS_NO_SEVERE_OBSERVED_BIAS	12	12	TRUE	0.0751401965468677	TRUE	TRUE	TRUE	TRUE	TRUE	TRUE	PASS
A_D_gene_robustness	LITCHI016077	1.81072779153467	4.39633402885569e-05	PASS	1.87259475379572	1.22480732698439e-05	1.82050721526117	0.0667793524061049	1.8105878486295	4.24307167466954e-05	PASS_NO_SEVERE_OBSERVED_BIAS	12	12	TRUE	0.0618669622610517	TRUE	TRUE	TRUE	TRUE	TRUE	TRUE	PASS
A_D_gene_robustness	LITCHI028926	1.90078618581322	5.72406619395087e-05	PASS	1.96434135959309	9.70282681588173e-06	1.91111580652343	0.067908651983704	1.90047171240563	5.7386681843264e-05	PASS_NO_SEVERE_OBSERVED_BIAS	12	12	TRUE	0.0635551737798714	TRUE	TRUE	TRUE	TRUE	TRUE	TRUE	PASS
A_D_gene_robustness	LITCHI021546	1.31268337866113	6.63965529613855e-05	PASS	1.26479530547436	0.000352678091834765	1.3236014390045	0.0628244444818643	1.31262176393405	5.92780937580353e-05	PASS_NO_SEVERE_OBSERVED_BIAS	12	12	TRUE	0.0478880731867675	TRUE	TRUE	TRUE	TRUE	TRUE	TRUE	PASS
A_D_gene_robustness	LITCHI005234	2.41562318712994	0.000193366087124934	PASS	2.49136927733497	0.000112579653164589	2.42404581838324	0.100202029556873	2.41552920032667	0.000199543734445401	PASS_NO_SEVERE_OBSERVED_BIAS	12	12	TRUE	0.0757460902050338	TRUE	TRUE	TRUE	FALSE	TRUE	TRUE	FAIL
A_D_gene_robustness	LITCHI014480	-1.01836067537996	0.000285223574243013	PASS	-1.00486938031667	0.000254380168785731	-1.00443952962583	0.100053168907676	-1.01875010615751	0.000215488404976499	PASS_NO_SEVERE_OBSERVED_BIAS	12	12	TRUE	0.0134912950632859	TRUE	TRUE	TRUE	FALSE	TRUE	TRUE	FAIL
A_D_gene_robustness	LITCHI022605	0.744942891873029	0.000291548606930528	PASS	0.709169088378595	0.000816095053399816	0.758171087834019	0.0986626460613996	0.744672095409635	0.000215488404976499	PASS_NO_SEVERE_OBSERVED_BIAS	12	12	TRUE	0.0357738034944339	TRUE	TRUE	TRUE	TRUE	TRUE	TRUE	PASS
A_D_gene_robustness	LITCHI009639	-1.77880934382893	0.000368521671955845	PASS	-1.63404356184991	0.000714661877832576	-1.75581949446885	0.13410714964574	-1.77912993776535	0.000342832703890873	PASS_NO_SEVERE_OBSERVED_BIAS	12	12	TRUE	0.144765781979023	TRUE	TRUE	TRUE	FALSE	TRUE	TRUE	FAIL
A_D_gene_robustness	LITCHI012815	-2.54894194259723	0.000457096292226895	PASS	-0.951056963359279	0.76709474851774	-2.50421888017987	0.0461388863311629	-2.54926722538857	0.000400212967747023	PASS_NO_SEVERE_OBSERVED_BIAS	12	12	TRUE	1.59788497923795	TRUE	TRUE	FALSE	TRUE	TRUE	TRUE	FAIL
A_D_gene_robustness	LITCHI004438	1.46471169048401	0.000458550753798687	PASS	1.4402552239196	9.4701583270994e-05	1.47698897180475	0.0986626460613996	1.46448430636299	0.000400212967747023	PASS_NO_SEVERE_OBSERVED_BIAS	12	12	TRUE	0.0244564665644089	TRUE	TRUE	TRUE	TRUE	TRUE	TRUE	PASS
A_D_gene_robustness	LITCHI002263	-1.27206412023338	0.000470498373865878	PASS	-1.22715313632301	0.00169337522888033	-1.25664042406107	0.108322528038998	-1.27241883101544	0.000400212967747023	PASS_NO_SEVERE_OBSERVED_BIAS	12	12	TRUE	0.0449109839103681	TRUE	TRUE	TRUE	FALSE	TRUE	TRUE	FAIL
A_D_gene_robustness	LITCHI029373	-0.761291752666979	0.000608633059705247	PASS	-0.752282519484001	0.00366395877000189	-0.747512946585486	0.108322528038998	-0.76156083560696	0.000460937700036067	PASS_NO_SEVERE_OBSERVED_BIAS	12	12	TRUE	0.00900923318297853	TRUE	TRUE	TRUE	FALSE	TRUE	TRUE	FAIL
A_D_gene_robustness	LITCHI019822	-0.730865538412879	0.00070605867572226	PASS	-0.650117999181635	0.0790441310345232	-0.71739884946994	0.108322528038998	-0.731176644510297	0.00054334721783166	PASS_NO_SEVERE_OBSERVED_BIAS	12	12	TRUE	0.0807475392312439	TRUE	TRUE	TRUE	FALSE	TRUE	TRUE	FAIL
A_D_gene_robustness	LITCHI011122	1.53140442080389	0.000770317942914888	PASS	1.54123663425791	0.000509877501778543	1.54267068057938	0.100202029556873	1.53122428797893	0.000718174882987764	PASS_NO_SEVERE_OBSERVED_BIAS	12	12	TRUE	0.00983221345402363	TRUE	TRUE	TRUE	FALSE	TRUE	TRUE	FAIL
A_D_gene_robustness	LITCHI008817	-1.23258869770076	0.000795418321148719	PASS	-1.27049949770665	0.000461350263853619	-1.21849436376354	0.100202029556873	-1.23288379240068	0.00071079081490056	PASS_NO_SEVERE_OBSERVED_BIAS	12	12	TRUE	0.0379108000058881	TRUE	TRUE	TRUE	FALSE	TRUE	TRUE	FAIL
A_D_gene_robustness	LITCHI023108	1.2004305898851	0.000924526440224526	PASS	1.22883605881705	0.000613931525105583	1.21179712241434	0.100202029556873	1.20028864773782	0.000836055609448913	PASS_NO_SEVERE_OBSERVED_BIAS	12	12	TRUE	0.0284054689319462	TRUE	TRUE	TRUE	FALSE	TRUE	TRUE	FAIL
A_D_gene_robustness	LITCHI010325	-1.77220035077222	0.0010156123433396	PASS	-1.80009114044583	0.000714661877832576	-1.75590718472027	0.112923119395786	-1.77279957057151	0.000987483471247181	PASS_NO_SEVERE_OBSERVED_BIAS	12	12	TRUE	0.0278907896736114	TRUE	TRUE	TRUE	FALSE	TRUE	TRUE	FAIL
A_D_gene_robustness	LITCHI031010	-1.99719086698081	0.0010156123433396	PASS	-2.15113102678632	0.00068140815648874	-1.97864053618314	0.13410714964574	-1.99757997492292	0.000987483471247181	PASS_NO_SEVERE_OBSERVED_BIAS	12	12	TRUE	0.153940159805505	TRUE	TRUE	TRUE	FALSE	TRUE	TRUE	FAIL
A_D_gene_robustness	LITCHI019857	1.03246151283045	0.0011709136879456	PASS	0.98555080137563	0.0106663963478618	1.04351877549082	0.110076993473561	1.03216417608834	0.000994441128965102	PASS_NO_SEVERE_OBSERVED_BIAS	12	12	TRUE	0.0469107114548201	TRUE	TRUE	TRUE	FALSE	TRUE	TRUE	FAIL
A_D_gene_robustness	LITCHI006337	-1.42715758717594	0.00127886488498145	PASS	NA	NA	-1.41068488159811	0.110076993473561	-1.42764888765616	0.00117965743728024	PASS_NO_SEVERE_OBSERVED_BIAS	12	12	FALSE	NA	TRUE	TRUE	FALSE	FALSE	TRUE	TRUE	FAIL
A_D_gene_robustness	LITCHI025608	-1.09304877967237	0.00127886488498145	PASS	-1.19449422226639	0.000492244732794464	-1.07902953520032	0.112923119395786	-1.09332056696284	0.00114824947069823	PASS_NO_SEVERE_OBSERVED_BIAS	12	12	TRUE	0.101445442594018	TRUE	TRUE	TRUE	FALSE	TRUE	TRUE	FAIL
A_D_gene_robustness	LITCHI017733	1.33483169311659	0.00130850272308789	PASS	1.27324917432009	0.00437339239008967	1.34496600753187	0.110076993473561	1.33466656648505	0.00118663336720603	PASS_NO_SEVERE_OBSERVED_BIAS	12	12	TRUE	0.0615825187965042	TRUE	TRUE	TRUE	FALSE	TRUE	TRUE	FAIL
A_D_gene_robustness	LITCHI015464	1.2669359040326	0.00133200908602764	PASS	1.23336184040608	0.00389147468697647	1.27790790458613	0.110076993473561	1.26685000754206	0.00120447121298073	PASS_NO_SEVERE_OBSERVED_BIAS	12	12	TRUE	0.0335740636265192	TRUE	TRUE	TRUE	FALSE	TRUE	TRUE	FAIL
A_D_gene_robustness	LITCHI028928	0.996114849840184	0.00133200908602764	PASS	1.00071788240179	0.00110029191674904	1.00794186478104	0.108166516959695	0.995848570068446	0.00118663336720603	PASS_NO_SEVERE_OBSERVED_BIAS	12	12	TRUE	0.00460303256160444	TRUE	TRUE	TRUE	FALSE	TRUE	TRUE	FAIL
A_D_gene_robustness	LITCHI030441	0.598066185040018	0.00161171491783075	PASS	0.619379984035982	0.000623273702675442	0.611180621754238	0.110076993473561	0.597798947287904	0.00121087897387693	PASS_NO_SEVERE_OBSERVED_BIAS	12	12	TRUE	0.0213137989959635	TRUE	TRUE	TRUE	FALSE	TRUE	TRUE	FAIL
A_D_gene_robustness	LITCHI018512	1.65757689760108	0.00194437627616045	PASS	1.60080909344328	0.00406921191400914	1.66666085537075	0.110076993473561	1.65720560136977	0.00175380083238885	PASS_NO_SEVERE_OBSERVED_BIAS	12	12	TRUE	0.056767804157803	TRUE	TRUE	TRUE	FALSE	TRUE	TRUE	FAIL
A_D_gene_robustness	LITCHI024578	-2.70143238765074	0.0020905206019595	PASS	-2.72541970496169	0.00201764793801905	-2.67629265299017	0.152490390745238	-2.70221592448049	0.00202612823760778	PASS_NO_SEVERE_OBSERVED_BIAS	12	12	TRUE	0.0239873173109526	TRUE	TRUE	TRUE	FALSE	TRUE	TRUE	FAIL
A_D_gene_robustness	LITCHI011520	0.837288768501431	0.00213738619957588	PASS	0.841158058144786	0.0012791723670281	0.849771352008655	0.151354443344211	0.837047248423363	0.0018508658273142	PASS_NO_SEVERE_OBSERVED_BIAS	12	12	TRUE	0.00386928964335476	TRUE	TRUE	TRUE	FALSE	TRUE	TRUE	FAIL
A_D_gene_robustness	LITCHI019664	-0.598464438355614	0.00214069203913304	PASS	-0.575140683376697	0.00387896347805308	-0.584516441607064	0.13410714964574	-0.598773978669148	0.00174705870822197	PASS_NO_SEVERE_OBSERVED_BIAS	12	12	TRUE	0.0233237549789173	TRUE	TRUE	TRUE	FALSE	TRUE	TRUE	FAIL
A_D_gene_robustness	LITCHI011959	-0.680445151877315	0.00219224035127749	PASS	-0.509566153854938	0.22005146982032	-0.667115064429844	0.13410714964574	-0.680730144547764	0.00175380083238885	PASS_NO_SEVERE_OBSERVED_BIAS	12	12	TRUE	0.170878998022377	TRUE	TRUE	TRUE	FALSE	TRUE	TRUE	FAIL
A_D_gene_robustness	LITCHI023124	2.54975817056461	0.00235540979476043	PASS	2.44847290726734	0.00518825519343297	2.56600297203265	0.197068282252123	2.54915558989959	0.00233193350709599	PASS_NO_SEVERE_OBSERVED_BIAS	12	12	TRUE	0.101285263297266	TRUE	TRUE	TRUE	FALSE	TRUE	TRUE	FAIL
A_D_gene_robustness	LITCHI029534	1.47658737766418	0.00237829105595826	PASS	1.54794765431254	0.00252845704594512	1.4878094341391	0.13410714964574	1.47641973003397	0.00233193350709599	PASS_NO_SEVERE_OBSERVED_BIAS	12	12	TRUE	0.0713602766483592	TRUE	TRUE	TRUE	FALSE	TRUE	TRUE	FAIL
A_D_gene_robustness	LITCHI018384	-1.55878636749034	0.00263079112061048	PASS	-1.61793128750089	0.00197459560222849	-1.54498930752258	0.13410714964574	-1.55924825535175	0.00254191424830054	PASS_NO_SEVERE_OBSERVED_BIAS	12	12	TRUE	0.0591449200105532	TRUE	TRUE	TRUE	FALSE	TRUE	TRUE	FAIL
A_D_gene_robustness	LITCHI023296	-1.28183078401472	0.00277921373688048	PASS	-1.24443190109518	0.00516949055524246	-1.26708718284862	0.129525144287818	-1.28216911711555	0.00258434614854113	PASS_NO_SEVERE_OBSERVED_BIAS	12	12	TRUE	0.0373988829195435	TRUE	TRUE	TRUE	FALSE	TRUE	TRUE	FAIL
A_D_gene_robustness	LITCHI019420	1.15055575620242	0.00327192203606201	PASS	0.674466375907141	0.392662074544481	1.15895934219654	0.13410714964574	1.15032001273131	0.0028199612049695	PASS_NO_SEVERE_OBSERVED_BIAS	12	12	TRUE	0.476089380295279	TRUE	TRUE	TRUE	FALSE	TRUE	TRUE	FAIL
A_D_gene_robustness	LITCHI028799	-1.88299748759307	0.00361308750335099	PASS	-1.88922038423045	0.00429323976184027	-1.86461182337021	0.13410714964574	-1.88347086019995	0.00347854783008092	PASS_NO_SEVERE_OBSERVED_BIAS	12	12	TRUE	0.00622289663737696	TRUE	TRUE	TRUE	FALSE	TRUE	TRUE	FAIL
A_D_gene_robustness	LITCHI018309	-0.968358072646313	0.00389423855684298	PASS	-0.95186235814219	0.0044499646011675	-0.95463447156936	0.145610677744886	-0.968738252962007	0.00331078574970278	PASS_NO_SEVERE_OBSERVED_BIAS	12	12	TRUE	0.0164957145041236	TRUE	TRUE	TRUE	FALSE	TRUE	TRUE	FAIL
A_D_gene_robustness	LITCHI030745	3.65243254800581	0.00404258174463622	PASS	3.82548990685244	0.00406921191400914	3.65060495030056	0.217104454022314	3.65235397775786	0.00393902814420844	PASS_NO_SEVERE_OBSERVED_BIAS	12	12	TRUE	0.173057358846634	TRUE	TRUE	TRUE	FALSE	TRUE	TRUE	FAIL
A_D_gene_robustness	LITCHI030349	-2.96865853282443	0.00404258174463622	PASS	-3.0240833769823	0.00366395877000189	-2.89599659449326	0.0986626460613996	-2.96896869339742	0.00384187304027118	PASS_NO_SEVERE_OBSERVED_BIAS	12	12	TRUE	0.0554248441578698	TRUE	TRUE	TRUE	TRUE	TRUE	TRUE	PASS
A_D_gene_robustness	LITCHI005866	1.41599296208824	0.00404258174463622	PASS	1.45143844449946	0.00434690136794663	1.42752638231244	0.13410714964574	1.41572657384641	0.00393902814420844	PASS_NO_SEVERE_OBSERVED_BIAS	12	12	TRUE	0.0354454824112187	TRUE	TRUE	TRUE	FALSE	TRUE	TRUE	FAIL
A_D_gene_robustness	LITCHI020557	2.23462873550162	0.00409053793462822	PASS	2.35068624185168	0.00366395877000189	2.24908674046908	0.157627771198292	2.23422177131977	0.00393902814420844	PASS_NO_SEVERE_OBSERVED_BIAS	12	12	TRUE	0.116057506350058	TRUE	TRUE	TRUE	FALSE	TRUE	TRUE	FAIL
A_D_gene_robustness	LITCHI004207	1.55910583538726	0.00409053793462822	PASS	1.77376206227327	0.000509877501778543	1.56868850803784	0.13410714964574	1.55889087594344	0.00393902814420844	PASS_NO_SEVERE_OBSERVED_BIAS	12	12	TRUE	0.214656226886012	TRUE	TRUE	TRUE	FALSE	TRUE	TRUE	FAIL
A_D_gene_robustness	LITCHI025875	2.47578590652985	0.00409053793462822	PASS	2.3793183364064	0.00553610518613548	2.49465355874776	0.218338597246019	2.47523135482894	0.00393902814420844	PASS_NO_SEVERE_OBSERVED_BIAS	12	12	TRUE	0.0964675701234539	TRUE	TRUE	TRUE	FALSE	TRUE	TRUE	FAIL
A_D_gene_robustness	LITCHI016340	-2.14737102487156	0.00412615327335507	PASS	-2.11101706277042	0.00355770959723568	-2.13152041697434	0.212331759782035	-2.14785476526577	0.00393902814420844	PASS_NO_SEVERE_OBSERVED_BIAS	12	12	TRUE	0.0363539621011362	TRUE	TRUE	TRUE	FALSE	TRUE	TRUE	FAIL
A_D_gene_robustness	LITCHI019319	1.06614809876166	0.00422457898271111	PASS	1.07833521407984	0.00553535781609443	1.07690099514003	0.13410714964574	1.06599160982553	0.00393902814420844	PASS_NO_SEVERE_OBSERVED_BIAS	12	12	TRUE	0.0121871153181774	TRUE	TRUE	TRUE	FALSE	TRUE	TRUE	FAIL
A_D_gene_robustness	LITCHI026181	-0.916849109844451	0.0043956751501126	PASS	-0.834911662301174	0.0250389161814184	-0.902680966204052	0.138848249249647	-0.917158903063992	0.00393902814420844	PASS_NO_SEVERE_OBSERVED_BIAS	12	12	TRUE	0.0819374475432767	TRUE	TRUE	TRUE	FALSE	TRUE	TRUE	FAIL
A_D_gene_robustness	LITCHI001999	1.28092269464462	0.0045498264014885	PASS	1.2982141698717	0.00319897507622655	1.29437681034784	0.13410714964574	1.28047231036961	0.00423869863849088	PASS_NO_SEVERE_OBSERVED_BIAS	12	12	TRUE	0.0172914752270803	TRUE	TRUE	TRUE	FALSE	TRUE	TRUE	FAIL
A_D_gene_robustness	LITCHI014256	0.979015900279916	0.0045498264014885	PASS	0.973402334707897	0.0126700847218617	0.992561960437057	0.13410714964574	0.978722173788561	0.00400968997992608	PASS_NO_SEVERE_OBSERVED_BIAS	12	12	TRUE	0.00561356557201898	TRUE	TRUE	TRUE	FALSE	TRUE	TRUE	FAIL
A_D_gene_robustness	LITCHI012432	-0.885309383928994	0.00494873624759354	PASS	-0.897910590824574	0.00081811228948855	-0.870456240962169	0.145610677744886	-0.885674730673007	0.00421319779712475	PASS_NO_SEVERE_OBSERVED_BIAS	12	12	TRUE	0.0126012068955801	TRUE	TRUE	TRUE	FALSE	TRUE	TRUE	FAIL
A_D_gene_robustness	LITCHI010987	2.66019759477751	0.00498227784610392	PASS	2.81563053136909	0.00368114219366487	2.66557838074034	0.217104454022314	2.66024656695163	0.00485168154728543	PASS_NO_SEVERE_OBSERVED_BIAS	12	12	TRUE	0.155432936591579	TRUE	TRUE	TRUE	FALSE	TRUE	TRUE	FAIL
A_D_gene_robustness	LITCHI026129	1.44767864959702	0.00537963195435942	PASS	1.46471028538899	0.0044499646011675	1.46016486486737	0.145610677744886	1.44754118048854	0.00498931195822826	PASS_NO_SEVERE_OBSERVED_BIAS	12	12	TRUE	0.0170316357919653	TRUE	TRUE	TRUE	FALSE	TRUE	TRUE	FAIL
A_D_gene_robustness	LITCHI022817	1.02582847907163	0.00537963195435942	PASS	1.03276866877641	0.0109563445350091	1.03770161385381	0.13410714964574	1.02549916692918	0.00485168154728543	PASS_NO_SEVERE_OBSERVED_BIAS	12	12	TRUE	0.00694018970477695	TRUE	TRUE	TRUE	FALSE	TRUE	TRUE	FAIL
A_D_gene_robustness	LITCHI030520	1.0176252004121	0.00564747294842105	PASS	1.04472894719955	0.00130333108336164	1.02869564557276	0.13410714964574	1.01748350854144	0.00498931195822826	PASS_NO_SEVERE_OBSERVED_BIAS	12	12	TRUE	0.0271037467874524	TRUE	TRUE	TRUE	FALSE	TRUE	TRUE	FAIL
A_D_gene_robustness	LITCHI025238	-1.36203951160081	0.00617712054837334	PASS	-1.33376791854581	0.00429323976184027	-1.34499745203234	0.152207533919135	-1.3624096018286	0.00565448941234431	PASS_NO_SEVERE_OBSERVED_BIAS	12	12	TRUE	0.0282715930550035	TRUE	TRUE	TRUE	FALSE	TRUE	TRUE	FAIL
A_D_gene_robustness	LITCHI019095	0.884172567831689	0.00617712054837334	PASS	0.850924000142102	0.0126126757126912	0.898811110143175	0.13410714964574	0.883780282582221	0.00551566213267003	PASS_NO_SEVERE_OBSERVED_BIAS	12	12	TRUE	0.0332485676895875	TRUE	TRUE	TRUE	FALSE	TRUE	TRUE	FAIL
A_D_gene_robustness	LITCHI016580	-1.30569271248066	0.00649100319243502	PASS	-1.19164829648342	0.0249923024744488	-1.29253508223058	0.151084632208159	-1.30581519203324	0.00581239229413445	PASS_NO_SEVERE_OBSERVED_BIAS	12	12	TRUE	0.114044415997242	TRUE	TRUE	TRUE	FALSE	TRUE	TRUE	FAIL
A_D_gene_robustness	LITCHI026900	1.05444528370577	0.00649100319243502	PASS	0.959225085670827	0.0182974299830071	1.06654669089447	0.13410714964574	1.05431698683211	0.00591011798567988	PASS_NO_SEVERE_OBSERVED_BIAS	12	12	TRUE	0.0952201980349433	TRUE	TRUE	TRUE	FALSE	TRUE	TRUE	FAIL
A_D_gene_robustness	LITCHI031097	-0.738820690518999	0.00657946825785566	PASS	-0.645872993671553	0.0413738866868437	-0.725111021755579	0.165766646695188	-0.7391093484543	0.00570737056104326	PASS_NO_SEVERE_OBSERVED_BIAS	12	12	TRUE	0.092947696847446	TRUE	TRUE	TRUE	FALSE	TRUE	TRUE	FAIL
A_D_gene_robustness	LITCHI010434	0.765623699485611	0.00660260533646317	PASS	0.611043622349854	0.0434310800555397	0.779028521495431	0.13410714964574	0.765365534643919	0.00565448941234431	PASS_NO_SEVERE_OBSERVED_BIAS	12	12	TRUE	0.154580077135758	TRUE	TRUE	TRUE	FALSE	TRUE	TRUE	FAIL
A_D_gene_robustness	LITCHI029495	-5.65907469563451	0.00660260533646317	PASS	-3.67274005495767	0.137804914496567	-6.15869850226681	0.110076993473561	-5.65956668800491	0.00628783675271925	PASS_NO_SEVERE_OBSERVED_BIAS	12	12	TRUE	1.98633464067684	TRUE	TRUE	FALSE	FALSE	TRUE	TRUE	FAIL
A_D_gene_robustness	LITCHI019076	-6.09732812414933	0.00711738457993625	PASS	-6.03552814724892	0.0107878022165159	-6.60238615788944	0.115194897829436	NA	NA	PASS_UNIFORM_MAPPABILITY_OBSERVED_LOW_COVERAGE	12	12	TRUE	0.0617999769004118	TRUE	FALSE	TRUE	FALSE	FALSE	TRUE	FAIL
A_D_gene_robustness	LITCHI021914	-0.794019395701095	0.00727336119782237	PASS	-0.799287033157467	0.00678992697849668	-0.780960876383307	0.16457669524197	-0.794331049660661	0.00627228523021285	PASS_NO_SEVERE_OBSERVED_BIAS	12	12	TRUE	0.00526763745637227	TRUE	TRUE	TRUE	FALSE	TRUE	TRUE	FAIL
A_D_gene_robustness	LITCHI005254	-4.78969999903453	0.00789023856493245	PASS	-4.67599319586535	0.012315793335969	-4.60688892289292	0.13410714964574	-4.78977602620017	0.00766097235567344	PASS_UNIFORM_MAPPABILITY_OBSERVED_LOW_COVERAGE	12	12	TRUE	0.113706803169182	TRUE	TRUE	TRUE	FALSE	TRUE	TRUE	FAIL
A_D_gene_robustness	LITCHI008095	-1.02465519702955	0.00789590927451059	PASS	-1.02621400563651	0.00336312798128059	-1.00907702488243	0.162318129089194	-1.02506365559768	0.00742824165765233	PASS_NO_SEVERE_OBSERVED_BIAS	12	12	TRUE	0.00155880860695934	TRUE	TRUE	TRUE	FALSE	TRUE	TRUE	FAIL
A_D_gene_robustness	LITCHI005454	-0.885430279901579	0.00831036064024162	PASS	-0.941652044367788	0.0151201863047264	-0.870072528056054	0.162318129089194	-0.88583175279944	0.00764216501357568	PASS_NO_SEVERE_OBSERVED_BIAS	12	12	TRUE	0.0562217644662088	TRUE	TRUE	TRUE	FALSE	TRUE	TRUE	FAIL
A_D_gene_robustness	LITCHI019897	0.843069201971418	0.00890567674729033	PASS	0.784384510321772	0.0322143894449635	0.855015430942643	0.13410714964574	0.842885816423976	0.0078012225074224	PASS_NO_SEVERE_OBSERVED_BIAS	12	12	TRUE	0.0586846916496459	TRUE	TRUE	TRUE	FALSE	TRUE	TRUE	FAIL
A_D_gene_robustness	LITCHI004751	0.74242220088451	0.00890567674729033	PASS	0.767297630799554	0.00423332412681051	0.755612358124741	0.147725333892121	0.742207383697193	0.00778459563918538	PASS_NO_SEVERE_OBSERVED_BIAS	12	12	TRUE	0.0248754299150437	TRUE	TRUE	TRUE	FALSE	TRUE	TRUE	FAIL
A_D_gene_robustness	LITCHI011536	1.28566991562519	0.00892960082310355	PASS	1.28612131610623	0.00966511175331203	1.29842762268038	0.162318129089194	1.28558133354386	0.00827615338531146	PASS_NO_SEVERE_OBSERVED_BIAS	12	12	TRUE	0.000451400481042752	TRUE	TRUE	TRUE	FALSE	TRUE	TRUE	FAIL
A_D_gene_robustness	LITCHI017561	3.02538115857601	0.00985441008076491	PASS	3.37809336858722	0.0786934944262131	3.0266262828089	0.197068282252123	3.02527732821229	0.0095407191495952	PASS_NO_SEVERE_OBSERVED_BIAS	12	12	TRUE	0.352712210011207	TRUE	TRUE	TRUE	FALSE	TRUE	TRUE	FAIL
A_D_gene_robustness	LITCHI030216	1.11016595345081	0.00985441008076491	PASS	1.26461448516188	0.00279902529750263	1.12584211861308	0.162318129089194	1.10972716490537	0.00912598943753556	PASS_NO_SEVERE_OBSERVED_BIAS	12	12	TRUE	0.154448531711075	TRUE	TRUE	TRUE	FALSE	TRUE	TRUE	FAIL
A_D_gene_robustness	LITCHI029066	-1.73638501526778	0.00985537135712735	PASS	-1.74825944372105	0.00741920618045324	-1.72013773340131	0.218338597246019	-1.73703404352981	0.00935503590112326	PASS_NO_SEVERE_OBSERVED_BIAS	12	12	TRUE	0.0118744284532681	TRUE	TRUE	TRUE	FALSE	TRUE	TRUE	FAIL
A_D_gene_robustness	LITCHI005012	-0.603717446828414	0.0100595515648978	PASS	-0.623792476649156	0.00366794499067669	-0.590107711959476	0.196170656522242	-0.603992736096533	0.00873684612034872	PASS_NO_SEVERE_OBSERVED_BIAS	12	12	TRUE	0.0200750298207416	TRUE	TRUE	TRUE	FALSE	TRUE	TRUE	FAIL
A_D_gene_robustness	LITCHI017310	-1.8443511902293	0.0100595515648978	PASS	-1.79790208893395	0.0116610320853884	-1.8320381209609	0.218338597246019	-1.84440835332188	0.0095407191495952	PASS_NO_SEVERE_OBSERVED_BIAS	12	12	TRUE	0.0464491012953512	TRUE	TRUE	TRUE	FALSE	TRUE	TRUE	FAIL
A_D_gene_robustness	LITCHI013379	0.929987136454016	0.0103045388417412	PASS	0.924599952049645	0.552221209869392	0.943740887894579	0.156080722091555	0.92969643671525	0.00935503590112326	PASS_NO_SEVERE_OBSERVED_BIAS	12	12	TRUE	0.00538718440437125	TRUE	TRUE	TRUE	FALSE	TRUE	TRUE	FAIL
A_D_gene_robustness	LITCHI025819	-1.180436171034	0.0106625384470729	PASS	-1.08334968264181	0.0375770496240062	-1.16411490780054	0.184875193274345	-1.18095187723283	0.009948312437748	PASS_NO_SEVERE_OBSERVED_BIAS	12	12	TRUE	0.0970864883921947	TRUE	TRUE	TRUE	FALSE	TRUE	TRUE	FAIL
A_D_gene_robustness	LITCHI010845	-0.589437260790394	0.0106625384470729	PASS	-0.668640180779928	0.00282404893171432	-0.576068551790711	0.233953930388612	-0.589713784441607	0.00935503590112326	PASS_NO_SEVERE_OBSERVED_BIAS	12	12	TRUE	0.0792029199895337	TRUE	TRUE	TRUE	FALSE	TRUE	TRUE	FAIL
A_D_gene_robustness	LITCHI009696	0.877317013434791	0.0110762823221137	PASS	0.813652649858455	0.0279845373674848	0.889498059168064	0.145610677744886	0.877083855139408	0.0102534569259525	PASS_NO_SEVERE_OBSERVED_BIAS	12	12	TRUE	0.0636643635763357	TRUE	TRUE	TRUE	FALSE	TRUE	TRUE	FAIL
A_D_gene_robustness	LITCHI020862	1.68182036176105	0.0120703394923609	PASS	1.65027160569249	0.0148911035867447	1.69123690823128	0.217104454022314	1.68192480664429	0.0116976639404974	PASS_NO_SEVERE_OBSERVED_BIAS	12	12	TRUE	0.0315487560685646	TRUE	TRUE	TRUE	FALSE	TRUE	TRUE	FAIL
A_D_gene_robustness	LITCHI014813	1.19184717471856	0.0122778271178884	PASS	1.17993332353178	0.0544734402416074	1.20262020945212	0.180304153255627	1.19158798301737	0.0114801693851238	PASS_NO_SEVERE_OBSERVED_BIAS	12	12	TRUE	0.0119138511867793	TRUE	TRUE	TRUE	FALSE	TRUE	TRUE	FAIL
A_D_gene_robustness	LITCHI010541	-1.93771431424803	0.0127348877162897	PASS	-1.83268146962623	0.0249923024744488	-1.91982345177995	0.219651334928665	-1.93817303925935	0.0120715157269807	PASS_NO_SEVERE_OBSERVED_BIAS	12	12	TRUE	0.105032844621804	TRUE	TRUE	TRUE	FALSE	TRUE	TRUE	FAIL
A_D_gene_robustness	LITCHI017753	-1.48680468278964	0.0127348877162897	PASS	-1.55259086597601	0.00765508281430173	-1.46870525617332	0.20973886643645	-1.48715066697401	0.0119655572834408	PASS_NO_SEVERE_OBSERVED_BIAS	12	12	TRUE	0.0657861831863673	TRUE	TRUE	TRUE	FALSE	TRUE	TRUE	FAIL
A_D_gene_robustness	LITCHI027669	-1.1700691646389	0.0127348877162897	PASS	-1.16300207037874	0.0194852586135436	-1.15592273324102	0.174290073432055	-1.17024807620763	0.0120670636840647	PASS_NO_SEVERE_OBSERVED_BIAS	12	12	TRUE	0.00706709426016006	TRUE	TRUE	TRUE	FALSE	TRUE	TRUE	FAIL
A_D_gene_robustness	LITCHI021828	-0.87216298559225	0.0129022055145959	PASS	-0.836215932351661	0.00777608851028004	-0.856882591604799	0.205211541525024	-0.87249716014699	0.0116976639404974	PASS_NO_SEVERE_OBSERVED_BIAS	12	12	TRUE	0.0359470532405891	TRUE	TRUE	TRUE	FALSE	TRUE	TRUE	FAIL
A_D_gene_robustness	LITCHI029443	-6.13477361654741	0.0129147884732084	PASS	-5.74063010417971	0.0265250758461567	-6.63531540602803	0.219651334928665	-6.13519396502494	0.0124715518201958	PASS_NO_SEVERE_OBSERVED_BIAS	12	12	TRUE	0.394143512367698	TRUE	TRUE	TRUE	FALSE	TRUE	TRUE	FAIL
A_D_gene_robustness	LITCHI003742	0.963236541966524	0.013283710325449	PASS	0.884796204006057	0.0413273783152248	0.976151279062275	0.180304153255627	0.963057954957949	0.0120715157269807	PASS_NO_SEVERE_OBSERVED_BIAS	12	12	TRUE	0.0784403379604671	TRUE	TRUE	TRUE	FALSE	TRUE	TRUE	FAIL
A_D_gene_robustness	LITCHI014759	0.849969569756354	0.013283710325449	PASS	0.649035207365136	0.0842057526734126	0.862457289120858	0.171656475529715	0.849615297411588	0.0120715157269807	PASS_NO_SEVERE_OBSERVED_BIAS	12	12	TRUE	0.200934362391218	TRUE	TRUE	TRUE	FALSE	TRUE	TRUE	FAIL
A_D_gene_robustness	LITCHI013276	-3.6536389628409	0.0132931244960457	PASS	-3.66873795375921	0.0176458532254824	-3.62508338159525	0.233953930388612	-3.65456356341555	0.0133854698242155	PASS_NO_SEVERE_OBSERVED_BIAS	12	11	TRUE	0.0150989909183101	TRUE	TRUE	TRUE	FALSE	TRUE	TRUE	FAIL
A_D_gene_robustness	LITCHI029667	-2.45463725882432	0.0132931244960457	PASS	-2.72531689797059	0.000816095053399816	-2.4322320814246	0.191875066144714	-2.45455631862267	0.0132402902743388	PASS_NO_SEVERE_OBSERVED_BIAS	12	12	TRUE	0.270679639146274	TRUE	TRUE	TRUE	FALSE	TRUE	TRUE	FAIL
A_D_gene_robustness	LITCHI016983	-0.746760905700001	0.0132931244960457	PASS	-0.624716263701568	0.0691774793330237	-0.731976538766247	0.20973886643645	-0.747090589797695	0.0120715157269807	PASS_NO_SEVERE_OBSERVED_BIAS	12	12	TRUE	0.122044641998433	TRUE	TRUE	TRUE	FALSE	TRUE	TRUE	FAIL
A_D_gene_robustness	LITCHI013088	-1.011668265781	0.0133540718978896	PASS	-1.14636374565266	0.034966958197967	-0.995958866083215	0.197068282252123	-1.0120762618066	0.0124715518201958	PASS_NO_SEVERE_OBSERVED_BIAS	12	12	TRUE	0.134695479871662	TRUE	TRUE	TRUE	FALSE	TRUE	TRUE	FAIL
A_D_gene_robustness	LITCHI015950	0.883765913569474	0.0134135175408401	PASS	0.939185179088373	0.00538293447435195	0.895072585295372	0.162318129089194	0.883577775970472	0.0126071838510227	PASS_NO_SEVERE_OBSERVED_BIAS	12	12	TRUE	0.0554192655188995	TRUE	TRUE	TRUE	FALSE	TRUE	TRUE	FAIL
A_D_gene_robustness	LITCHI011424	1.11630166760944	0.0143200358216911	PASS	0.908127656671918	0.120324372398404	1.12550631696462	0.187258454274173	1.11598872391056	0.0133621244372712	PASS_NO_SEVERE_OBSERVED_BIAS	12	12	TRUE	0.208174010937522	TRUE	TRUE	TRUE	FALSE	TRUE	TRUE	FAIL
A_D_gene_robustness	LITCHI016395	2.43386897971149	0.0166022529206087	PASS	2.6056918527637	0.00771859891028318	2.43693336729852	0.233953930388612	2.4342836354372	0.016336801578803	PASS_NO_SEVERE_OBSERVED_BIAS	12	12	TRUE	0.17182287305221	TRUE	TRUE	TRUE	FALSE	TRUE	TRUE	FAIL
A_D_gene_robustness	LITCHI027135	-1.05820066585026	0.017162174612666	PASS	-0.995288250796351	0.0652513810197568	-1.042750235385	0.217104454022314	-1.05846829155238	0.0158047669923042	PASS_NO_SEVERE_OBSERVED_BIAS	12	11	TRUE	0.0629124150539094	TRUE	TRUE	TRUE	FALSE	TRUE	TRUE	FAIL
A_D_gene_robustness	LITCHI007293	-0.730037782635866	0.017162174612666	PASS	-0.713565869122745	0.0148911035867447	-0.716126013789154	0.197068282252123	-0.730416481444939	0.015253944357935	PASS_NO_SEVERE_OBSERVED_BIAS	12	11	TRUE	0.0164719135131207	TRUE	TRUE	TRUE	FALSE	TRUE	TRUE	FAIL
A_D_gene_robustness	LITCHI014914	3.40666375247417	0.0175133685648839	PASS	3.46362809753294	0.0151201863047264	3.41471584643673	0.233953930388612	3.40630800590977	0.017896694664276	PASS_NO_SEVERE_OBSERVED_BIAS	12	10	TRUE	0.0569643450587742	TRUE	TRUE	TRUE	FALSE	TRUE	TRUE	FAIL
A_D_gene_robustness	LITCHI014858	2.19092478072678	0.0180957507647159	PASS	2.33722473080026	0.00493389688637787	2.20492851112027	0.220897988357012	2.19052752163652	0.017896694664276	FAIL_SEVERE_BILATERAL_MULTIMAPPING	12	12	TRUE	0.146299950073483	TRUE	TRUE	TRUE	FALSE	TRUE	TRUE	FAIL
A_D_gene_robustness	LITCHI027763	-1.31900810871656	0.0180957507647159	PASS	-0.218228022382578	0.8841853027237	-1.30411744379861	0.209398334435634	-1.31939180577395	0.0177407068723894	PASS_NO_SEVERE_OBSERVED_BIAS	12	10	TRUE	1.10078008633398	TRUE	TRUE	FALSE	FALSE	TRUE	TRUE	FAIL
A_D_gene_robustness	LITCHI006466	-2.90585812748376	0.0180957507647159	PASS	-2.81857416547565	0.0284093587732714	-2.88420517569123	0.244907602033832	-2.90666203306407	0.0182962427530281	PASS_NO_SEVERE_OBSERVED_BIAS	12	11	TRUE	0.0872839620081134	TRUE	TRUE	TRUE	FALSE	TRUE	TRUE	FAIL
A_D_gene_robustness	LITCHI031448	5.0400074040038	0.0207025498617949	PASS	5.20161756743556	0.0151854019023698	4.71927847940224	0.142308441199791	5.04008851829866	0.019703436752255	PASS_NO_SEVERE_OBSERVED_BIAS	12	11	TRUE	0.16161016343176	TRUE	TRUE	TRUE	FALSE	TRUE	TRUE	FAIL
A_D_gene_robustness	LITCHI021120	-0.690888890755379	0.0208075997419099	PASS	-0.686052783464129	0.0222540742337112	-0.677060629504516	0.204240742646364	-0.691254970595848	0.017896694664276	PASS_NO_SEVERE_OBSERVED_BIAS	12	10	TRUE	0.00483610729125017	TRUE	TRUE	TRUE	FALSE	TRUE	TRUE	FAIL
A_D_gene_robustness	LITCHI031200	-2.00322323132095	0.0214889436930011	PASS	-2.07271741001282	0.183861110274814	-1.98223948997469	0.231130709591962	-2.00380610569279	0.0214656636618521	PASS_NO_SEVERE_OBSERVED_BIAS	12	10	TRUE	0.0694941786918673	TRUE	TRUE	TRUE	FALSE	TRUE	TRUE	FAIL
A_D_gene_robustness	LITCHI018073	-3.27682717125617	0.0216010862561126	PASS	-3.17340140326265	0.0383303232692209	-3.25294967058068	0.251307187989844	-3.27786257303439	0.0217829181014474	PASS_NO_SEVERE_OBSERVED_BIAS	12	9	TRUE	0.103425767993521	TRUE	TRUE	TRUE	FALSE	TRUE	FALSE	FAIL
A_D_gene_robustness	LITCHI007955	-1.69097855203688	0.0223796779584966	PASS	-1.66355202451303	0.0298339553595308	-1.67362031320325	0.233953930388612	-1.69168689188285	0.0217829181014474	PASS_NO_SEVERE_OBSERVED_BIAS	12	10	TRUE	0.0274265275238523	TRUE	TRUE	TRUE	FALSE	TRUE	TRUE	FAIL
A_D_gene_robustness	LITCHI028428	1.38959554514111	0.0226131345205089	PASS	1.37627661259985	0.022352952074851	1.39968484404525	0.20973886643645	1.3895259005377	0.0217829181014474	PASS_NO_SEVERE_OBSERVED_BIAS	12	9	TRUE	0.0133189325412559	TRUE	TRUE	TRUE	FALSE	TRUE	FALSE	FAIL
A_D_gene_robustness	LITCHI003497	1.1305649144961	0.0237781645677548	PASS	1.02214669386704	0.0540165371475837	1.14197988033382	0.20973886643645	1.13042588379252	0.0222810598307923	PASS_NO_SEVERE_OBSERVED_BIAS	12	9	TRUE	0.10841822062906	TRUE	TRUE	TRUE	FALSE	TRUE	FALSE	FAIL
A_D_gene_robustness	LITCHI008905	2.1368656141355	0.0237799610235217	PASS	2.14100620038989	0.0195556955929145	2.14236849792026	0.244462338207295	2.13705034879995	0.0231558805176634	PASS_NO_SEVERE_OBSERVED_BIAS	12	9	TRUE	0.00414058625438729	TRUE	TRUE	TRUE	FALSE	TRUE	FALSE	FAIL
A_D_gene_robustness	LITCHI028081	0.72960609595432	0.0237799610235217	PASS	0.401024916438216	0.299080917025023	0.741826962820659	0.180304153255627	0.729308474575639	0.0221427803697586	PASS_NO_SEVERE_OBSERVED_BIAS	12	10	TRUE	0.328581179516104	TRUE	TRUE	TRUE	FALSE	TRUE	TRUE	FAIL
A_D_gene_robustness	LITCHI002040	-0.723185622564108	0.0242237324194914	PASS	-0.630598026549811	0.0544734402416074	-0.70931769753214	0.234411125125589	-0.723527589685767	0.0222798668883412	PASS_NO_SEVERE_OBSERVED_BIAS	12	7	TRUE	0.0925875960142971	TRUE	TRUE	TRUE	FALSE	TRUE	FALSE	FAIL
A_D_gene_robustness	LITCHI005048	1.11009307709941	0.0242237324194914	PASS	1.08333688382052	0.0314438927898763	1.1224541921541	0.197068282252123	1.10999048227785	0.0230541955476035	PASS_NO_SEVERE_OBSERVED_BIAS	12	10	TRUE	0.0267561932788873	TRUE	TRUE	TRUE	FALSE	TRUE	TRUE	FAIL
A_D_gene_robustness	LITCHI001963	-1.40869605221674	0.0242643296453318	PASS	-1.3313468887216	0.0621205889249348	-1.39124080538115	0.20973886643645	-1.40899100303695	0.0231558805176634	PASS_NO_SEVERE_OBSERVED_BIAS	12	9	TRUE	0.0773491634951402	TRUE	TRUE	TRUE	FALSE	TRUE	FALSE	FAIL
A_D_gene_robustness	LITCHI010704	-1.43552465463083	0.0245865363809489	PASS	-1.03609465310724	0.150254357871633	-1.41687682013811	0.219651334928665	-1.43611576801223	0.0232411981636833	FAIL_SEVERE_BILATERAL_MULTIMAPPING	12	9	TRUE	0.399430001523589	TRUE	TRUE	TRUE	FALSE	TRUE	FALSE	FAIL
A_D_gene_robustness	LITCHI024820	1.9919935225984	0.0245865363809489	PASS	1.99213860158547	0.0249164901000778	1.99750992443589	0.235137948535793	1.99220775435347	0.0232411981636833	PASS_NO_SEVERE_OBSERVED_BIAS	12	7	TRUE	0.000145078987067171	TRUE	TRUE	TRUE	FALSE	TRUE	FALSE	FAIL
A_D_gene_robustness	LITCHI030334	-3.63502003196055	0.0246370068041364	PASS	-6.38588389016934	0.00068140815648874	-3.50791381745922	0.234411125125589	-3.63514009523053	0.0232411981636833	PASS_NO_SEVERE_OBSERVED_BIAS	12	11	TRUE	2.75086385820879	TRUE	TRUE	FALSE	FALSE	TRUE	TRUE	FAIL
A_D_gene_robustness	LITCHI021264	-0.892337358971538	0.0253257166273663	PASS	-0.92037697506286	0.0353521095520234	-0.87792130039767	0.217104454022314	-0.892655310838564	0.0232411981636833	PASS_NO_SEVERE_OBSERVED_BIAS	12	9	TRUE	0.0280396160913221	TRUE	TRUE	TRUE	FALSE	TRUE	FALSE	FAIL
A_D_gene_robustness	LITCHI031005	-2.63208593626992	0.0253257166273663	PASS	-2.94101917615095	0.0126126757126912	-2.59741296442346	0.233953930388612	-2.6322765267666	0.0246723954509425	PASS_NO_SEVERE_OBSERVED_BIAS	12	9	TRUE	0.308933239881025	TRUE	TRUE	TRUE	FALSE	TRUE	FALSE	FAIL
A_D_gene_robustness	LITCHI016994	1.31490156469587	0.0253257166273663	PASS	1.34263354551373	0.0301126320718776	1.32625027829988	0.218338597246019	1.3147363795723	0.0239308892308836	PASS_NO_SEVERE_OBSERVED_BIAS	12	10	TRUE	0.0277319808178602	TRUE	TRUE	TRUE	FALSE	TRUE	TRUE	FAIL
A_D_gene_robustness	LITCHI006920	-0.803295207735255	0.025340810714752	PASS	-0.824747793790782	0.0345048833712912	-0.788564430794424	0.218338597246019	-0.803699018412101	0.0232411981636833	PASS_NO_SEVERE_OBSERVED_BIAS	12	9	TRUE	0.0214525860555274	TRUE	TRUE	TRUE	FALSE	TRUE	FALSE	FAIL
A_D_gene_robustness	LITCHI028340	0.855400255500143	0.0254833839226817	PASS	1.23899050210195	0.048411647456941	0.866365385087619	0.204240742646364	0.855151436425812	0.0234315010744017	PASS_NO_SEVERE_OBSERVED_BIAS	12	9	TRUE	0.383590246601805	TRUE	TRUE	TRUE	FALSE	TRUE	FALSE	FAIL
A_D_gene_robustness	LITCHI004929	-0.681206531769031	0.0254833839226817	PASS	-0.680291594940818	0.0188660285576756	-0.666487781118134	0.231130709591962	-0.681594970634178	0.0232411981636833	PASS_NO_SEVERE_OBSERVED_BIAS	12	9	TRUE	0.000914936828213531	TRUE	TRUE	TRUE	FALSE	TRUE	FALSE	FAIL
A_D_gene_robustness	LITCHI005518	0.641695934895725	0.0254833839226817	PASS	0.688429008269671	0.00920292043753172	0.6548926155813	0.217459494585274	0.641331306240902	0.0232411981636833	PASS_NO_SEVERE_OBSERVED_BIAS	12	9	TRUE	0.0467330733739459	TRUE	TRUE	TRUE	FALSE	TRUE	FALSE	FAIL
A_D_gene_robustness	LITCHI016297	0.678850117835252	0.0254833839226817	PASS	0.647376425713435	0.0390799146061104	0.692775655604656	0.196170656522242	0.678619590684309	0.0232411981636833	PASS_NO_SEVERE_OBSERVED_BIAS	12	10	TRUE	0.0314736921218171	TRUE	TRUE	TRUE	FALSE	TRUE	TRUE	FAIL
A_D_gene_robustness	LITCHI015702	1.06295289132018	0.0257912169134975	PASS	1.03543169901645	0.0331644640973245	1.07600279621506	0.217104454022314	1.06277227567045	0.0239308892308836	PASS_NO_SEVERE_OBSERVED_BIAS	12	9	TRUE	0.0275211923037295	TRUE	TRUE	TRUE	FALSE	TRUE	FALSE	FAIL
A_D_gene_robustness	LITCHI008330	-2.09059823672944	0.0259712123677265	PASS	-1.44463543884292	0.171047942812134	-2.06860726395075	0.220897988357012	-2.09117568674321	0.0254691839645007	PASS_NO_SEVERE_OBSERVED_BIAS	12	10	TRUE	0.645962797886518	TRUE	TRUE	FALSE	FALSE	TRUE	TRUE	FAIL
A_D_gene_robustness	LITCHI001603	1.37592070302234	0.0267215543898487	PASS	1.36096557417746	0.0515478889207383	1.38496257194816	0.217104454022314	1.37599436497109	0.0257839447845722	PASS_NO_SEVERE_OBSERVED_BIAS	12	8	TRUE	0.0149551288448841	TRUE	TRUE	TRUE	FALSE	TRUE	FALSE	FAIL
A_D_gene_robustness	LITCHI001879	1.01190079100949	0.0271132151471055	PASS	0.9852516123362	0.0301126320718776	1.0225553818985	0.197068282252123	1.01190898138801	0.0254691839645007	PASS_NO_SEVERE_OBSERVED_BIAS	12	8	TRUE	0.0266491786732904	TRUE	TRUE	TRUE	FALSE	TRUE	FALSE	FAIL
A_D_gene_robustness	LITCHI028584	-0.670279437700654	0.0281835203349208	PASS	-0.641326451378156	0.0243682515828991	-0.656055994075464	0.231130709591962	-0.670676457487184	0.0254449898846275	PASS_NO_SEVERE_OBSERVED_BIAS	12	9	TRUE	0.0289529863224977	TRUE	TRUE	TRUE	FALSE	TRUE	FALSE	FAIL
A_D_gene_robustness	LITCHI030862	7.38186016098182	0.0286622782654542	PASS	7.20797988705825	0.0413738866868437	7.36686242519658	0.36620604832926	7.38296419793908	0.027171961407165	PASS_NO_SEVERE_OBSERVED_BIAS	12	9	TRUE	0.17388027392357	TRUE	TRUE	TRUE	FALSE	TRUE	FALSE	FAIL
A_D_gene_robustness	LITCHI016911	0.622077699791301	0.0288677332097676	PASS	0.612051919279039	0.0632806952485962	0.634502344050601	0.218338597246019	0.621903274353748	0.0263559116146903	PASS_NO_SEVERE_OBSERVED_BIAS	12	8	TRUE	0.0100257805122617	TRUE	TRUE	TRUE	FALSE	TRUE	FALSE	FAIL
A_D_gene_robustness	LITCHI029789	-0.702223969804124	0.0290162118143486	PASS	-0.665113740724061	0.0333649108243311	-0.688346926217191	0.233953930388612	-0.70249598150566	0.0266142701169982	PASS_NO_SEVERE_OBSERVED_BIAS	12	7	TRUE	0.0371102290800629	TRUE	TRUE	TRUE	FALSE	TRUE	FALSE	FAIL
A_D_gene_robustness	LITCHI002015	1.29967922262935	0.0293033913799139	PASS	1.13459670471399	0.0670668367500922	1.31176060102716	0.217104454022314	1.29932012345204	0.027714138507207	PASS_NO_SEVERE_OBSERVED_BIAS	12	9	TRUE	0.165082517915364	TRUE	TRUE	TRUE	FALSE	TRUE	FALSE	FAIL
A_D_gene_robustness	LITCHI023078	-2.33502259632456	0.029974437210403	PASS	-2.05515271625278	0.0803179956877103	-2.29865116176943	0.233953930388612	-2.3351338114534	0.0292194409842648	PASS_NO_SEVERE_OBSERVED_BIAS	12	11	TRUE	0.279869880071782	TRUE	TRUE	TRUE	FALSE	TRUE	TRUE	FAIL
A_D_gene_robustness	LITCHI017634	0.823683127651957	0.029974437210403	PASS	0.809800804007974	0.0382376288397272	0.836083772964363	0.20973886643645	0.823416816733979	0.0276897135631278	PASS_NO_SEVERE_OBSERVED_BIAS	12	8	TRUE	0.0138823236439825	TRUE	TRUE	TRUE	FALSE	TRUE	FALSE	FAIL
A_D_gene_robustness	LITCHI028716	0.992473409466396	0.029974437210403	PASS	0.952737310949103	0.0284093587732714	1.00479411414198	0.218338597246019	0.992208123226057	0.0281608665304844	PASS_NO_SEVERE_OBSERVED_BIAS	12	9	TRUE	0.0397360985172931	TRUE	TRUE	TRUE	FALSE	TRUE	FALSE	FAIL
A_D_gene_robustness	LITCHI013895	-0.757894468723173	0.0300568201378754	PASS	-0.555033399750271	0.235387626783212	-0.743306005830644	0.204240742646364	-0.758295233163987	0.027714138507207	PASS_NO_SEVERE_OBSERVED_BIAS	12	9	TRUE	0.202861068972902	TRUE	TRUE	TRUE	FALSE	TRUE	FALSE	FAIL
A_D_gene_robustness	LITCHI016917	-1.59509565553956	0.0309146703458552	PASS	-1.52344843950979	0.0544734402416074	-1.57692702566844	0.219651334928665	-1.59535629119836	0.0294484724618887	PASS_NO_SEVERE_OBSERVED_BIAS	12	8	TRUE	0.0716472160297748	TRUE	TRUE	TRUE	FALSE	TRUE	FALSE	FAIL
A_D_gene_robustness	LITCHI023464	2.36454357605204	0.0316462326146919	PASS	2.28664630655389	0.120793293556574	2.36765892635041	0.228584786492088	2.36423503883513	0.0311975993057204	PASS_NO_SEVERE_OBSERVED_BIAS	12	10	TRUE	0.0778972694981497	TRUE	TRUE	TRUE	FALSE	TRUE	TRUE	FAIL
A_D_gene_robustness	LITCHI021860	-0.652689384570268	0.0316462326146919	PASS	-0.642876324780533	0.0182974299830071	-0.638553523712481	0.217104454022314	-0.652943574083741	0.0283099336066619	PASS_NO_SEVERE_OBSERVED_BIAS	12	6	TRUE	0.00981305978973479	TRUE	TRUE	TRUE	FALSE	TRUE	FALSE	FAIL
A_D_gene_robustness	LITCHI022789	1.27403475292407	0.0316462326146919	PASS	1.26770071362302	0.0268943110282189	1.28344188837994	0.218338597246019	1.27396581705881	0.031766780318581	PASS_NO_SEVERE_OBSERVED_BIAS	12	8	TRUE	0.00633403930105314	TRUE	TRUE	TRUE	FALSE	TRUE	FALSE	FAIL
A_D_gene_robustness	LITCHI010765	-3.42056372242776	0.0316651525347151	PASS	-3.20259602299736	0.0407940053164541	-3.34355571264563	0.234411125125589	-3.4208806538208	0.031260230687541	PASS_NO_SEVERE_OBSERVED_BIAS	12	9	TRUE	0.217967699430402	TRUE	TRUE	TRUE	FALSE	TRUE	FALSE	FAIL
A_D_gene_robustness	LITCHI030869	-2.96746007383302	0.0322882142056094	PASS	-2.00638085608834	0.102343217645184	-2.91931896938741	0.233953930388612	-2.96778665256114	0.031766780318581	PASS_NO_SEVERE_OBSERVED_BIAS	12	10	TRUE	0.961079217744678	TRUE	TRUE	FALSE	FALSE	TRUE	TRUE	FAIL
A_D_gene_robustness	LITCHI030763	0.76963037086022	0.0322882142056094	PASS	0.735725102374762	0.0719035350748598	0.782373283257761	0.217104454022314	0.769434736058257	0.0296367888894166	PASS_NO_SEVERE_OBSERVED_BIAS	12	8	TRUE	0.0339052684854583	TRUE	TRUE	TRUE	FALSE	TRUE	FALSE	FAIL
A_D_gene_robustness	LITCHI001700	3.7029482582072	0.0331090371894025	PASS	4.20212479574158	0.0482377372278122	3.69155157681162	0.27690839411695	3.70228472827288	0.031260230687541	PASS_NO_SEVERE_OBSERVED_BIAS	12	10	TRUE	0.499176537534379	TRUE	TRUE	TRUE	FALSE	TRUE	TRUE	FAIL
A_D_gene_robustness	LITCHI019913	0.713260301753304	0.0334816271989166	PASS	0.650670823870266	0.165666423933584	0.724937354689612	0.205211541525024	0.713090626280389	0.0308723187284457	PASS_NO_SEVERE_OBSERVED_BIAS	12	7	TRUE	0.0625894778830381	TRUE	TRUE	TRUE	FALSE	TRUE	FALSE	FAIL
A_D_gene_robustness	LITCHI006481	1.08203171495676	0.0339229289462483	PASS	1.18572139435237	0.0410277682593919	1.09324696752463	0.218338597246019	1.08188497314749	0.0321505939165952	PASS_NO_SEVERE_OBSERVED_BIAS	12	8	TRUE	0.103689679395608	TRUE	TRUE	TRUE	FALSE	TRUE	FALSE	FAIL
A_D_gene_robustness	LITCHI010273	-1.95528721108059	0.0339229289462483	PASS	-1.95604254156843	0.0353521095520234	-1.93586327810525	0.264767713164823	-1.95611174553153	0.032652992795694	PASS_NO_SEVERE_OBSERVED_BIAS	12	7	TRUE	0.000755330487839601	TRUE	TRUE	TRUE	FALSE	TRUE	FALSE	FAIL
A_D_gene_robustness	LITCHI021650	1.51730692249576	0.0344028685172605	PASS	1.41204670059994	0.0544734402416074	1.53430942991266	0.231130709591962	1.51660828549294	0.0330344513320814	PASS_NO_SEVERE_OBSERVED_BIAS	12	11	TRUE	0.105260221895824	TRUE	TRUE	TRUE	FALSE	TRUE	TRUE	FAIL
A_D_gene_robustness	LITCHI013925	0.732979856813129	0.0347426658623961	PASS	0.721397881532553	0.0362241602667247	0.745301287402165	0.209398334435634	0.732819482560068	0.0321505939165952	PASS_NO_SEVERE_OBSERVED_BIAS	12	8	TRUE	0.0115819752805761	TRUE	TRUE	TRUE	FALSE	TRUE	FALSE	FAIL
A_D_gene_robustness	LITCHI007341	1.12275410016893	0.0347426658623961	PASS	NA	NA	1.13386612733272	0.218338597246019	1.12241426243358	0.0330344513320814	PASS_NO_SEVERE_OBSERVED_BIAS	12	8	FALSE	NA	TRUE	TRUE	FALSE	FALSE	TRUE	FALSE	FAIL
A_D_gene_robustness	LITCHI018722	-3.83852740010122	0.0348588277657599	PASS	-3.82146925250982	0.0472992598399265	-3.73431186730557	0.2932069533994	-3.83826676285972	0.034404556909145	PASS_NO_SEVERE_OBSERVED_BIAS	12	8	TRUE	0.0170581475914022	TRUE	TRUE	TRUE	FALSE	TRUE	FALSE	FAIL
A_D_gene_robustness	LITCHI029021	-1.04867717991123	0.0348588277657599	PASS	-1.11333632600248	0.0249923024744488	-1.03576255086287	0.231130709591962	-1.04879809484824	0.0330060890674316	PASS_NO_SEVERE_OBSERVED_BIAS	12	7	TRUE	0.0646591460912536	TRUE	TRUE	TRUE	FALSE	TRUE	FALSE	FAIL
A_D_gene_robustness	LITCHI019823	-0.961984101388718	0.0348588277657599	PASS	-0.912699096137573	0.0395726364770817	-0.945944382646456	0.220897988357012	-0.962429984792506	0.032652992795694	PASS_NO_SEVERE_OBSERVED_BIAS	12	6	TRUE	0.0492850052511448	TRUE	TRUE	TRUE	FALSE	TRUE	FALSE	FAIL
A_D_gene_robustness	LITCHI006703	-1.90056623259285	0.0363012914065407	PASS	-1.81673187614969	0.0527703734968674	-1.88302570566058	0.248487040783117	-1.90125514407389	0.0356337887162029	PASS_NO_SEVERE_OBSERVED_BIAS	12	7	TRUE	0.083834356443165	TRUE	TRUE	TRUE	FALSE	TRUE	FALSE	FAIL
A_D_gene_robustness	LITCHI001375	-2.04166764689842	0.0367086689249643	PASS	-2.04625333956183	0.0953177771018236	-2.02436852901245	0.231130709591962	-2.0423717414499	0.0358797510984683	PASS_NO_SEVERE_OBSERVED_BIAS	12	9	TRUE	0.00458569266341025	TRUE	TRUE	TRUE	FALSE	TRUE	FALSE	FAIL
A_D_gene_robustness	LITCHI030690	-4.03219418715923	0.0368532236530036	PASS	-3.92419871472298	0.0438368776383733	-3.9443836375676	0.252515223591809	-4.03287671534548	0.0362696674565293	PASS_NO_SEVERE_OBSERVED_BIAS	12	8	TRUE	0.107995472436251	TRUE	TRUE	TRUE	FALSE	TRUE	FALSE	FAIL
A_D_gene_robustness	LITCHI017301	-1.86819256371346	0.0371027895403131	PASS	-1.93066564806376	0.0225920298373423	-1.8260729150424	0.233953930388612	-1.8683882900992	0.0357241813887298	PASS_NO_SEVERE_OBSERVED_BIAS	12	6	TRUE	0.0624730843503014	TRUE	TRUE	TRUE	FALSE	TRUE	FALSE	FAIL
A_D_gene_robustness	LITCHI030689	-1.49712121452028	0.0375223053951341	PASS	-1.48358079042344	0.0754221868741753	-1.47889332319093	0.233953930388612	-1.49765530409853	0.0360360292218862	PASS_NO_SEVERE_OBSERVED_BIAS	12	8	TRUE	0.0135404240968386	TRUE	TRUE	TRUE	FALSE	TRUE	FALSE	FAIL
A_D_gene_robustness	LITCHI003414	-0.608173285218738	0.0376487566071814	PASS	-0.615380732748966	0.0240293086473636	-0.594098744776296	0.231130709591962	-0.608485956829923	0.0330344513320814	PASS_NO_SEVERE_OBSERVED_BIAS	12	8	TRUE	0.00720744753022795	TRUE	TRUE	TRUE	FALSE	TRUE	FALSE	FAIL
A_D_gene_robustness	LITCHI017954	-0.846025597742071	0.0380685849735174	PASS	-0.799783427631275	0.0790441310345232	-0.832198711814545	0.218338597246019	-0.846384127500082	0.0358797510984683	PASS_NO_SEVERE_OBSERVED_BIAS	12	7	TRUE	0.0462421701107958	TRUE	TRUE	TRUE	FALSE	TRUE	FALSE	FAIL
A_D_gene_robustness	LITCHI001129	1.05936680769701	0.0384250760502184	PASS	0.976411171442594	0.0544734402416074	1.06970847890856	0.217459494585274	1.05931397229342	0.0362837545275864	PASS_NO_SEVERE_OBSERVED_BIAS	12	8	TRUE	0.082955636254416	TRUE	TRUE	TRUE	FALSE	TRUE	FALSE	FAIL
A_D_gene_robustness	LITCHI017559	2.76766703574257	0.0388904992701055	PASS	4.1974574296907	0.137395713866206	2.75808197940843	0.218338597246019	2.76729234093522	0.0381964896702378	PASS_NO_SEVERE_OBSERVED_BIAS	12	9	TRUE	1.42979039394813	TRUE	TRUE	FALSE	FALSE	TRUE	FALSE	FAIL
A_D_gene_robustness	LITCHI017862	-2.56254810275721	0.0388904992701055	PASS	-2.72992794174066	0.0284093587732714	-2.5520067920395	0.284532618044146	-2.56309002744068	0.0383818151049854	PASS_NO_SEVERE_OBSERVED_BIAS	12	6	TRUE	0.167379838983446	TRUE	TRUE	TRUE	FALSE	TRUE	FALSE	FAIL
A_D_gene_robustness	LITCHI029020	-0.704909390242629	0.0388904992701055	PASS	-0.759172770255653	0.0241107813335537	-0.691213767705594	0.218338597246019	-0.705278135675469	0.0358797510984683	PASS_NO_SEVERE_OBSERVED_BIAS	12	8	TRUE	0.0542633800130234	TRUE	TRUE	TRUE	FALSE	TRUE	FALSE	FAIL
A_D_gene_robustness	LITCHI014400	-0.875612335036969	0.0388904992701055	PASS	-0.710124863534405	0.202261590136072	-0.859711080540372	0.231130709591962	-0.876056068274212	0.0358797510984683	PASS_NO_SEVERE_OBSERVED_BIAS	12	7	TRUE	0.165487471502564	TRUE	TRUE	TRUE	FALSE	TRUE	FALSE	FAIL
A_D_gene_robustness	LITCHI022018	1.63238451721972	0.0399031315742185	PASS	1.73177995776968	0.169406450560093	1.64281880443669	0.231130709591962	1.63176463079584	0.0390430044938847	PASS_NO_SEVERE_OBSERVED_BIAS	12	6	TRUE	0.099395440549962	TRUE	TRUE	TRUE	FALSE	TRUE	FALSE	FAIL
A_D_gene_robustness	LITCHI016846	-2.10118439707094	0.0399031315742185	PASS	-1.95857489013397	0.084270795169118	-2.07546344536271	0.232378784426073	-2.10158986864125	0.0390430044938847	PASS_NO_SEVERE_OBSERVED_BIAS	12	7	TRUE	0.142609506936972	TRUE	TRUE	TRUE	FALSE	TRUE	FALSE	FAIL
A_D_gene_robustness	LITCHI030761	-0.915015563003086	0.0399031315742185	PASS	-0.813563304077797	0.10525692204224	-0.89991752831603	0.231130709591962	-0.915420801837355	0.0377408602071703	PASS_NO_SEVERE_OBSERVED_BIAS	12	7	TRUE	0.101452258925289	TRUE	TRUE	TRUE	FALSE	TRUE	FALSE	FAIL
A_D_gene_robustness	LITCHI021309	1.64921595565161	0.0402714398320017	PASS	1.61863941254592	0.0431722201105995	1.66584531883132	0.234411125125589	1.6487548696405	0.0390430044938847	PASS_NO_SEVERE_OBSERVED_BIAS	12	8	TRUE	0.0305765431056884	TRUE	TRUE	TRUE	FALSE	TRUE	FALSE	FAIL
A_D_gene_robustness	LITCHI027173	-2.75525454245333	0.0402714398320017	PASS	-2.8170654351582	0.0404131801503377	-2.72334204801088	0.233953930388612	-2.75610387583247	0.0398817419345193	PASS_NO_SEVERE_OBSERVED_BIAS	12	7	TRUE	0.0618108927048686	TRUE	TRUE	TRUE	FALSE	TRUE	FALSE	FAIL
A_D_gene_robustness	LITCHI006923	-0.906502784197291	0.0418331787983868	PASS	-0.791671158437371	0.0852290981762874	-0.891003698964605	0.220897988357012	-0.906894845520515	0.0390430044938847	PASS_NO_SEVERE_OBSERVED_BIAS	12	5	TRUE	0.11483162575992	TRUE	TRUE	TRUE	FALSE	TRUE	FALSE	FAIL
A_D_gene_robustness	LITCHI027034	0.815071820040122	0.0418331787983868	PASS	0.833113698128819	0.0176458532254824	0.827167315446721	0.218338597246019	0.814777876633825	0.0390430044938847	PASS_NO_SEVERE_OBSERVED_BIAS	12	6	TRUE	0.0180418780886965	TRUE	TRUE	TRUE	FALSE	TRUE	FALSE	FAIL
A_D_gene_robustness	LITCHI007095	0.849220256921297	0.0418331787983868	PASS	0.966437811977628	0.0149221667045128	0.861601608904569	0.217104454022314	0.848975928879027	0.0391919920903729	PASS_NO_SEVERE_OBSERVED_BIAS	12	9	TRUE	0.117217555056331	TRUE	TRUE	TRUE	FALSE	TRUE	FALSE	FAIL
A_D_gene_robustness	LITCHI010138	-0.649750521024091	0.0418388547089227	PASS	-0.628418884553948	0.0413273783152248	-0.6352818877577	0.234411125125589	-0.650076020046705	0.0379873563343485	PASS_NO_SEVERE_OBSERVED_BIAS	12	7	TRUE	0.0213316364701435	TRUE	TRUE	TRUE	FALSE	TRUE	FALSE	FAIL
A_D_gene_robustness	LITCHI030858	-1.0251629884946	0.0420353555776357	PASS	-1.07781012084351	0.0188223239758271	-1.01189023968565	0.220897988357012	-1.02547294607176	0.0401904588828097	PASS_NO_SEVERE_OBSERVED_BIAS	12	7	TRUE	0.0526471323489113	TRUE	TRUE	TRUE	FALSE	TRUE	FALSE	FAIL
A_D_gene_robustness	LITCHI025047	1.27862217879166	0.0422463167230025	PASS	1.27915480063937	0.0418460975162607	1.289649192286	0.231130709591962	1.27841210691362	0.0411267553797567	PASS_NO_SEVERE_OBSERVED_BIAS	12	7	TRUE	0.000532621847713299	TRUE	TRUE	TRUE	FALSE	TRUE	FALSE	FAIL
A_D_gene_robustness	LITCHI019824	1.08315105254643	0.0435689032747822	PASS	1.077715375258	0.0527703734968674	1.09521730770707	0.231130709591962	1.08301470508298	0.0411267553797567	PASS_NO_SEVERE_OBSERVED_BIAS	12	8	TRUE	0.00543567728843475	TRUE	TRUE	TRUE	FALSE	TRUE	FALSE	FAIL
A_D_gene_robustness	LITCHI019041	-1.36099353783095	0.0444101792085916	PASS	-1.39793199347759	0.0424281292301426	-1.34181677140509	0.234411125125589	-1.3616199411764	0.0421663851195044	PASS_NO_SEVERE_OBSERVED_BIAS	12	6	TRUE	0.0369384556466386	TRUE	TRUE	TRUE	FALSE	TRUE	FALSE	FAIL
A_D_gene_robustness	LITCHI019626	-1.87452672348075	0.0445011626745455	PASS	-0.94565172279191	0.299886615722832	-1.85116063440231	0.272887703868266	-1.87514382944751	0.0429395879541168	PASS_NO_SEVERE_OBSERVED_BIAS	12	7	TRUE	0.928875000688839	TRUE	TRUE	FALSE	FALSE	TRUE	FALSE	FAIL
A_D_gene_robustness	LITCHI023129	0.887765046512915	0.0445011626745455	PASS	0.858062559415994	0.0674830918039381	0.900087368924588	0.218338597246019	0.887598529220912	0.0413834901007741	PASS_NO_SEVERE_OBSERVED_BIAS	12	8	TRUE	0.0297024870969209	TRUE	TRUE	TRUE	FALSE	TRUE	FALSE	FAIL
A_D_gene_robustness	LITCHI008313	0.901739665346397	0.0448910819251059	PASS	0.83941376421149	0.0819989661833286	0.915959081695801	0.219651334928665	0.901334795088276	0.0419213986852898	PASS_NO_SEVERE_OBSERVED_BIAS	12	6	TRUE	0.0623259011349072	TRUE	TRUE	TRUE	FALSE	TRUE	FALSE	FAIL
A_D_gene_robustness	LITCHI000271	0.779378053254629	0.0448910819251059	PASS	0.710174958678232	0.066655137853369	0.791529452012571	0.217104454022314	0.779221771289034	0.0420897265274491	PASS_NO_SEVERE_OBSERVED_BIAS	12	8	TRUE	0.069203094576397	TRUE	TRUE	TRUE	FALSE	TRUE	FALSE	FAIL
A_D_gene_robustness	LITCHI031732	0.85872192382025	0.0448910819251059	PASS	0.827781715142339	0.0748964702338943	0.870606070431548	0.218338597246019	0.858566758932802	0.0424970128291003	PASS_NO_SEVERE_OBSERVED_BIAS	12	6	TRUE	0.0309402086779108	TRUE	TRUE	TRUE	FALSE	TRUE	FALSE	FAIL
A_D_gene_robustness	LITCHI019186	1.10279907681684	0.0454980445968332	PASS	1.12372097624578	0.0747768009692984	1.1112420788593	0.231130709591962	1.10255777122562	0.0431052418433177	PASS_NO_SEVERE_OBSERVED_BIAS	12	6	TRUE	0.0209218994289366	TRUE	TRUE	TRUE	FALSE	TRUE	FALSE	FAIL
A_D_gene_robustness	LITCHI027423	2.84018792838925	0.0461439679819691	PASS	2.69543898456833	0.0652513810197568	2.84381049917178	0.272887703868266	2.83948136408164	0.0451997111617121	PASS_NO_SEVERE_OBSERVED_BIAS	12	6	TRUE	0.144748943820917	TRUE	TRUE	TRUE	FALSE	TRUE	FALSE	FAIL
A_D_gene_robustness	LITCHI031372	-0.887401731293767	0.0470549642911606	PASS	-0.893085716796064	0.0463316287609407	-0.872595456055375	0.231130709591962	-0.887805545963467	0.0439596077496463	PASS_NO_SEVERE_OBSERVED_BIAS	12	6	TRUE	0.00568398550229698	TRUE	TRUE	TRUE	FALSE	TRUE	FALSE	FAIL
A_D_gene_robustness	LITCHI002571	-2.13628278313117	0.0471218406965286	PASS	-2.10826988669877	0.0786278401597307	-2.11520874310704	0.234411125125589	-2.13701583507722	0.0457548395444508	PASS_NO_SEVERE_OBSERVED_BIAS	12	6	TRUE	0.0280128964323971	TRUE	TRUE	TRUE	FALSE	TRUE	FALSE	FAIL
A_D_gene_robustness	LITCHI011195	2.04354932662864	0.0474231076875316	PASS	2.08650683341499	0.177816231301566	2.0433246199452	0.231130709591962	2.04338371511239	0.0451997111617121	PASS_NO_SEVERE_OBSERVED_BIAS	12	7	TRUE	0.0429575067863532	TRUE	TRUE	TRUE	FALSE	TRUE	FALSE	FAIL
A_D_gene_robustness	LITCHI027783	0.666614824234021	0.0477449693859909	PASS	0.626336826018179	0.0749927599335011	0.67825725558122	0.219651334928665	0.666380143260357	0.043815406490094	PASS_NO_SEVERE_OBSERVED_BIAS	12	6	TRUE	0.040277998215842	TRUE	TRUE	TRUE	FALSE	TRUE	FALSE	FAIL
A_D_gene_robustness	LITCHI026128	-1.37410098340452	0.0480631480655992	PASS	-1.38828305802081	0.0372015516055036	-1.35564697109854	0.234411125125589	-1.37464401264657	0.0457548395444508	PASS_NO_SEVERE_OBSERVED_BIAS	12	5	TRUE	0.0141820746162913	TRUE	TRUE	TRUE	FALSE	TRUE	FALSE	FAIL
A_D_gene_robustness	LITCHI020645	-0.620473196350287	0.0480631480655992	PASS	-0.602821178589278	0.05984513165674	-0.606761781348853	0.231130709591962	-0.620818732014818	0.0436121106340499	PASS_NO_SEVERE_OBSERVED_BIAS	12	7	TRUE	0.0176520177610089	TRUE	TRUE	TRUE	FALSE	TRUE	FALSE	FAIL
A_D_gene_robustness	LITCHI016665	0.798179190399944	0.0480631480655992	PASS	0.636840235825973	0.10525692204224	0.809858795394951	0.231130709591962	0.79782908737918	0.0447229201742994	PASS_NO_SEVERE_OBSERVED_BIAS	12	4	TRUE	0.161338954573971	TRUE	TRUE	TRUE	FALSE	TRUE	FALSE	FAIL
A_D_gene_robustness	LITCHI014624	-0.909684474941511	0.0480631480655992	PASS	-0.804801482443836	0.0961945928858436	-0.894935715458698	0.234411125125589	-0.910085941557615	0.0451997111617121	PASS_NO_SEVERE_OBSERVED_BIAS	12	5	TRUE	0.104882992497675	TRUE	TRUE	TRUE	FALSE	TRUE	FALSE	FAIL
A_D_gene_robustness	LITCHI027341	-1.78477134217729	0.0489019238502396	PASS	-1.64892788393104	0.0606094532507246	-1.76328481484919	0.247085177451294	-1.78550310825563	0.0473479913151565	PASS_NO_SEVERE_OBSERVED_BIAS	12	6	TRUE	0.135843458246249	TRUE	TRUE	TRUE	FALSE	TRUE	FALSE	FAIL
A_D_gene_robustness	LITCHI011255	0.761256886454984	0.0494938465126049	PASS	0.736808760283616	0.0637514807004098	0.773205895381851	0.217459494585274	0.761130580081913	0.0459360385870264	PASS_NO_SEVERE_OBSERVED_BIAS	12	6	TRUE	0.0244481261713678	TRUE	TRUE	TRUE	FALSE	TRUE	FALSE	FAIL
A_D_gene_robustness	LITCHI005008	1.21112859870225	0.0497021210897854	PASS	1.15144934701819	0.0711736023529406	1.22138098473491	0.234411125125589	1.21112041125668	0.0468080697423411	PASS_NO_SEVERE_OBSERVED_BIAS	12	6	TRUE	0.0596792516840601	TRUE	TRUE	TRUE	FALSE	TRUE	FALSE	FAIL
